customer_number,baskets,total_quantity,average_quantity,total_spend,average_spend
14,56,531,9.48,675.72,12.07
45,33,655,19.85,585.73,17.75
52,59,294,4.98,222.18,3.77
61,37,499,13.49,547.87,14.81
63,48,281,5.85,293.34,6.11
67,45,1055,23.44,1584.18,35.20
68,18,219,12.17,225.41,12.52
71,42,970,23.1,1233.78,29.38
77,20,244,12.2,355.16,17.76
81,37,525,14.19,729.04,19.70
83,53,434,8.19,518.58,9.78
85,67,324,4.84,600.74,8.97
108,46,329,7.15,554.54,12.06
110,35,246,7.03,177.29,5.07
111,40,387,9.68,530.64,13.27
117,48,324,6.75,440.71,9.18
119,79,813,10.29,855.23,10.83
123,43,724,16.84,599.29,13.94
124,33,544,16.48,566.97,17.18
133,54,441,8.17,700.34,12.97
136,14,626,44.71,729.55,52.11
140,39,332,8.51,303.53,7.78
144,22,303,13.77,261.16,11.87
149,11,150,13.64,164.66,14.97
153,47,527,11.21,745.69,15.87
156,95,807,8.49,967.75,10.19
157,55,1208,21.96,1857.65,33.78
166,19,236,12.42,267.96,14.10
170,63,608,9.65,829.75,13.17
176,46,141,3.07,202.67,4.41
182,102,551,5.4,389.09,3.81
186,159,965,6.07,569.31,3.58
187,31,455,14.68,517.63,16.70
191,55,383,6.96,475.18,8.64
198,39,416,10.67,446.97,11.46
201,80,634,7.93,666.04,8.33
202,41,358,8.73,380.68,9.28
206,115,1043,9.07,1075.19,9.35
212,81,477,5.89,419.77,5.18
215,4,333,83.25,401.93,100.48
218,123,675,5.49,695.33,5.65
221,32,472,14.75,572.35,17.89
230,9,115,12.78,148.25,16.47
231,157,1059,6.75,961.42,6.12
232,111,992,8.94,1045.33,9.42
236,75,492,6.56,650.07,8.67
244,63,1045,16.59,1338.67,21.25
247,27,1018,37.7,1199.87,44.44
256,50,608,12.16,804.60,16.09
257,41,621,15.15,634.38,15.47
258,49,240,4.9,380.57,7.77
263,258,1315,5.1,1411.27,5.47
269,18,597,33.17,690.51,38.36
275,8,151,18.88,162.03,20.25
276,79,506,6.41,667.79,8.45
277,56,947,16.91,1014.82,18.12
280,54,215,3.98,344.85,6.39
281,128,1261,9.85,1282.69,10.02
283,114,828,7.26,1080.41,9.48
305,30,108,3.6,233.44,7.78
308,45,356,7.91,533.12,11.85
309,51,330,6.47,377.71,7.41
312,109,502,4.61,752.32,6.90
320,50,419,8.38,415.49,8.31
324,26,183,7.04,200.37,7.71
328,8,350,43.75,542.51,67.81
341,86,651,7.57,675.36,7.85
342,38,423,11.13,461.50,12.14
349,64,676,10.56,649.97,10.16
350,30,464,15.47,546.06,18.20
352,57,435,7.63,505.68,8.87
356,51,273,5.35,236.48,4.64
357,68,1968,28.94,1996.51,29.36
359,41,535,13.05,780.02,19.02
362,76,825,10.86,591.95,7.79
367,93,912,9.81,951.80,10.23
368,56,604,10.79,736.22,13.15
372,53,527,9.94,757.52,14.29
385,52,845,16.25,894.20,17.20
386,169,722,4.27,630.23,3.73
395,49,345,7.04,435.98,8.90
398,37,170,4.59,499.53,13.50
401,36,270,7.5,342.93,9.53
404,12,1089,90.75,1403.38,116.95
409,43,357,8.3,514.00,11.95
412,46,285,6.2,346.35,7.53
419,22,527,23.95,713.32,32.42
426,30,639,21.3,741.36,24.71
427,52,400,7.69,932.52,17.93
433,56,481,8.59,608.27,10.86
434,12,195,16.25,164.30,13.69
445,80,783,9.79,1700.09,21.25
447,19,214,11.26,277.60,14.61
459,18,301,16.72,357.73,19.87
474,34,328,9.65,403.05,11.85
475,31,771,24.87,791.57,25.53
496,57,429,7.53,468.80,8.22
498,79,745,9.43,944.52,11.96
507,49,232,4.73,261.71,5.34
510,54,472,8.74,432.24,8.00
515,11,94,8.55,131.43,11.95
521,117,505,4.32,534.81,4.57
523,24,296,12.33,377.89,15.75
535,118,948,8.03,929.65,7.88
538,37,478,12.92,451.55,12.20
540,80,744,9.3,456.41,5.71
541,11,152,13.82,161.56,14.69
542,18,294,16.33,457.94,25.44
550,45,324,7.2,393.49,8.74
559,35,584,16.69,676.30,19.32
562,49,507,10.35,523.35,10.68
571,39,282,7.23,321.23,8.24
572,40,346,8.65,638.79,15.97
579,66,589,8.92,999.35,15.14
584,68,690,10.15,869.18,12.78
588,37,688,18.59,906.05,24.49
589,84,1274,15.17,1731.58,20.61
594,108,1168,10.81,1258.26,11.65
611,81,548,6.77,559.13,6.90
616,72,559,7.76,660.92,9.18
618,20,559,27.95,755.35,37.77
620,42,309,7.36,540.35,12.87
635,60,601,10.02,704.25,11.74
646,26,217,8.35,263.53,10.14
647,30,311,10.37,422.95,14.10
649,6,133,22.17,183.16,30.53
652,17,406,23.88,370.01,21.77
655,62,713,11.5,857.38,13.83
657,139,540,3.88,897.30,6.46
662,39,850,21.79,931.18,23.88
667,89,418,4.7,829.83,9.32
669,36,324,9,561.42,15.60
674,26,304,11.69,352.74,13.57
687,55,271,4.93,342.00,6.22
697,69,750,10.87,875.45,12.69
704,69,1002,14.52,1203.00,17.43
711,81,1235,15.25,1335.38,16.49
712,26,149,5.73,196.23,7.55
717,41,283,6.9,329.87,8.05
724,46,618,13.43,588.34,12.79
725,86,302,3.51,834.38,9.70
732,58,398,6.86,461.64,7.96
734,73,556,7.62,772.77,10.59
735,75,535,7.13,540.71,7.21
737,42,857,20.4,1128.48,26.87
746,76,508,6.68,523.14,6.88
752,100,915,9.15,680.61,6.81
755,1,55,55,73.75,73.75
759,7,161,23,214.95,30.71
770,42,411,9.79,397.04,9.45
777,6,75,12.5,105.36,17.56
786,123,641,5.21,444.80,3.62
787,151,1157,7.66,1232.69,8.16
788,31,221,7.13,249.55,8.05
792,147,857,5.83,1267.05,8.62
795,11,146,13.27,148.71,13.52
808,74,488,6.59,412.31,5.57
825,14,192,13.71,284.43,20.32
827,59,547,9.27,412.21,6.99
828,80,694,8.68,762.72,9.53
832,67,723,10.79,577.26,8.62
838,41,465,11.34,625.43,15.25
846,140,716,5.11,998.30,7.13
848,34,486,14.29,522.05,15.35
850,27,251,9.3,240.01,8.89
858,24,529,22.04,601.44,25.06
859,55,239,4.35,283.32,5.15
867,40,276,6.9,236.66,5.92
871,126,949,7.53,940.31,7.46
872,41,509,12.41,637.97,15.56
896,91,338,3.71,401.89,4.42
898,72,689,9.57,1007.53,13.99
905,37,1173,31.7,1535.30,41.49
906,38,367,9.66,472.62,12.44
910,92,654,7.11,711.94,7.74
912,21,416,19.81,592.45,28.21
914,69,700,10.14,753.79,10.92
919,17,207,12.18,242.00,14.24
921,183,1068,5.84,1342.48,7.34
925,11,67,6.09,81.76,7.43
928,66,294,4.45,1074.51,16.28
935,27,576,21.33,576.91,21.37
937,110,621,5.65,1155.45,10.50
942,11,436,39.64,646.40,58.76
945,7,237,33.86,328.02,46.86
946,111,746,6.72,1055.42,9.51
951,51,327,6.41,338.90,6.65
953,26,415,15.96,457.60,17.60
972,13,200,15.38,183.61,14.12
974,34,593,17.44,843.44,24.81
977,41,803,19.59,1239.92,30.24
1008,68,2104,30.94,2365.36,34.78
1015,5,109,21.8,132.48,26.50
1018,82,963,11.74,970.06,11.83
1019,68,738,10.85,1407.43,20.70
1024,15,153,10.2,151.19,10.08
1030,30,196,6.53,181.34,6.04
1031,10,69,6.9,84.46,8.45
1037,88,447,5.08,511.63,5.81
1043,48,670,13.96,769.18,16.02
1045,17,133,7.82,166.05,9.77
1046,116,710,6.12,1286.67,11.09
1050,17,240,14.12,391.68,23.04
1060,40,432,10.8,668.68,16.72
1064,107,541,5.06,783.87,7.33
1071,21,351,16.71,358.14,17.05
1073,76,722,9.5,848.79,11.17
1074,58,317,5.47,349.87,6.03
1075,58,271,4.67,271.20,4.68
1076,69,437,6.33,418.58,6.07
1078,26,253,9.73,215.26,8.28
1079,31,1273,41.06,1730.24,55.81
1081,195,417,2.14,403.79,2.07
1083,33,495,15,647.31,19.62
1089,9,91,10.11,154.58,17.18
1096,90,340,3.78,582.47,6.47
1101,14,360,25.71,588.01,42.00
1109,24,552,23,777.76,32.41
1113,37,713,19.27,662.78,17.91
1117,80,454,5.68,437.21,5.47
1118,81,673,8.31,767.90,9.48
1121,21,211,10.05,332.57,15.84
1122,123,1210,9.84,1150.55,9.35
1128,64,358,5.59,845.68,13.21
1129,54,606,11.22,877.87,16.26
1143,33,599,18.15,520.02,15.76
1145,45,345,7.67,488.66,10.86
1147,32,401,12.53,439.69,13.74
1149,135,1206,8.93,1333.99,9.88
1152,28,1208,43.14,1557.49,55.62
1163,101,396,3.92,302.99,3.00
1168,29,808,27.86,982.61,33.88
1172,39,689,17.67,881.68,22.61
1174,58,226,3.9,291.55,5.03
1195,51,768,15.06,780.54,15.30
1201,67,684,10.21,976.10,14.57
1206,164,1108,6.76,870.15,5.31
1212,60,378,6.3,547.99,9.13
1218,20,144,7.2,137.00,6.85
1222,54,419,7.76,486.79,9.01
1223,47,559,11.89,715.31,15.22
1224,25,236,9.44,151.00,6.04
1226,61,997,16.34,965.91,15.83
1228,42,278,6.62,379.75,9.04
1233,61,333,5.46,360.19,5.90
1241,83,733,8.83,810.56,9.77
1242,31,415,13.39,542.02,17.48
1250,53,325,6.13,384.13,7.25
1253,144,817,5.67,814.60,5.66
1254,166,1749,10.54,1568.60,9.45
1257,27,608,22.52,561.73,20.80
1265,42,341,8.12,429.02,10.21
1267,35,295,8.43,371.13,10.60
1268,64,492,7.69,584.18,9.13
1281,49,768,15.67,633.78,12.93
1284,22,173,7.86,205.14,9.32
1286,23,331,14.39,431.67,18.77
1292,218,856,3.93,946.48,4.34
1301,39,230,5.9,225.47,5.78
1308,25,354,14.16,448.26,17.93
1322,35,175,5,943.31,26.95
1325,20,214,10.7,441.80,22.09
1330,44,1709,38.84,1855.28,42.17
1340,36,400,11.11,479.05,13.31
1357,100,1113,11.13,1188.78,11.89
1364,47,301,6.4,314.99,6.70
1378,37,514,13.89,687.80,18.59
1379,37,154,4.16,415.21,11.22
1382,45,643,14.29,805.93,17.91
1388,42,545,12.98,643.70,15.33
1395,58,706,12.17,800.43,13.80
1397,51,673,13.2,733.48,14.38
1399,86,847,9.85,749.76,8.72
1406,24,527,21.96,469.02,19.54
1412,48,247,5.15,326.19,6.80
1413,64,1026,16.03,1048.66,16.39
1419,32,352,11,312.16,9.76
1421,48,301,6.27,316.02,6.58
1432,46,630,13.7,676.35,14.70
1433,50,407,8.14,348.32,6.97
1437,89,963,10.82,1035.11,11.63
1442,56,717,12.8,819.39,14.63
1446,57,823,14.44,769.23,13.50
1454,48,1811,37.73,2785.03,58.02
1461,81,666,8.22,633.84,7.83
1464,32,428,13.38,529.60,16.55
1469,70,280,4,366.15,5.23
1473,38,197,5.18,177.62,4.67
1474,68,600,8.82,737.58,10.85
1480,93,1403,15.09,1847.31,19.86
1484,144,862,5.99,962.19,6.68
1497,77,477,6.19,427.07,5.55
1500,15,161,10.73,130.90,8.73
1508,27,504,18.67,427.23,15.82
1509,29,268,9.24,420.20,14.49
1511,6,79,13.17,69.47,11.58
1514,29,1127,38.86,1097.96,37.86
1519,33,296,8.97,290.89,8.81
1520,22,389,17.68,573.73,26.08
1524,17,571,33.59,572.20,33.66
1529,25,286,11.44,301.44,12.06
1540,7,39,5.57,113.93,16.28
1557,44,555,12.61,609.73,13.86
1559,71,422,5.94,376.09,5.30
1567,41,594,14.49,712.49,17.38
1579,159,888,5.58,1312.73,8.26
1580,21,249,11.86,324.37,15.45
1588,77,1368,17.77,1366.60,17.75
1589,22,741,33.68,794.97,36.14
1594,84,428,5.1,799.62,9.52
1595,68,495,7.28,765.70,11.26
1604,30,610,20.33,808.88,26.96
1617,48,404,8.42,442.10,9.21
1623,90,428,4.76,524.25,5.83
1626,81,571,7.05,576.25,7.11
1642,32,201,6.28,232.72,7.27
1652,95,478,5.03,349.67,3.68
1654,31,346,11.16,427.18,13.78
1657,27,232,8.59,270.47,10.02
1663,71,411,5.79,435.98,6.14
1669,26,255,9.81,337.48,12.98
1671,86,689,8.01,756.81,8.80
1676,31,848,27.35,1017.67,32.83
1696,52,1160,22.31,1256.72,24.17
1697,20,467,23.35,425.66,21.28
1704,46,254,5.52,305.17,6.63
1707,118,831,7.04,604.08,5.12
1712,66,956,14.48,1188.48,18.01
1716,28,375,13.39,435.95,15.57
1717,70,1076,15.37,1562.51,22.32
1721,48,531,11.06,579.98,12.08
1722,90,965,10.72,999.54,11.11
1730,23,546,23.74,605.17,26.31
1731,26,585,22.5,730.88,28.11
1759,199,1134,5.7,1033.47,5.19
1760,79,525,6.65,591.40,7.49
1762,48,374,7.79,521.68,10.87
1764,38,243,6.39,338.71,8.91
1770,24,332,13.83,392.26,16.34
1774,77,537,6.97,603.32,7.84
1780,69,1326,19.22,1464.01,21.22
1793,74,1165,15.74,1452.63,19.63
1799,38,1617,42.55,2244.34,59.06
1800,59,542,9.19,631.52,10.70
1805,12,172,14.33,274.77,22.90
1820,38,266,7,345.81,9.10
1831,63,217,3.44,231.49,3.67
1832,59,562,9.53,626.05,10.61
1849,59,390,6.61,515.43,8.74
1864,43,522,12.14,1035.65,24.08
1865,55,259,4.71,253.36,4.61
1868,17,151,8.88,161.38,9.49
1869,24,436,18.17,617.32,25.72
1874,158,875,5.54,1244.10,7.87
1886,95,786,8.27,609.97,6.42
1891,143,927,6.48,1546.27,10.81
1893,28,697,24.89,944.04,33.72
1894,52,412,7.92,576.43,11.09
1901,156,900,5.77,1050.79,6.74
1903,37,506,13.68,625.88,16.92
1904,60,319,5.32,362.65,6.04
1905,24,282,11.75,347.80,14.49
1910,23,224,9.74,255.95,11.13
1911,42,656,15.62,718.45,17.11
1918,29,370,12.76,459.70,15.85
1922,108,698,6.46,874.83,8.10
1923,115,1069,9.3,1321.28,11.49
1925,63,479,7.6,567.50,9.01
1926,229,1014,4.43,625.16,2.73
1932,31,230,7.42,255.21,8.23
1935,15,38,2.53,47.48,3.17
1937,36,424,11.78,550.59,15.29
1938,100,713,7.13,837.02,8.37
1939,136,990,7.28,799.67,5.88
1943,51,846,16.59,977.90,19.17
1944,56,715,12.77,743.74,13.28
1969,55,402,7.31,499.55,9.08
1978,104,347,3.34,330.44,3.18
1979,84,638,7.6,479.99,5.71
1988,9,154,17.11,223.80,24.87
1989,25,712,28.48,913.36,36.53
1999,65,1140,17.54,1055.87,16.24
2011,82,655,7.99,1484.06,18.10
2014,64,376,5.88,514.23,8.03
2019,37,324,8.76,370.44,10.01
2024,187,699,3.74,648.29,3.47
2029,47,562,11.96,529.61,11.27
2049,34,350,10.29,497.40,14.63
2056,41,315,7.68,257.20,6.27
2063,26,1377,52.96,1434.66,55.18
2066,78,1155,14.81,980.71,12.57
2067,51,1408,27.61,2020.23,39.61
2083,64,1016,15.88,991.55,15.49
2110,24,153,6.38,203.81,8.49
2111,66,1758,26.64,2057.73,31.18
2117,173,601,3.47,517.47,2.99
2125,42,374,8.9,471.22,11.22
2131,40,1128,28.2,1652.12,41.30
2132,207,1606,7.76,1996.59,9.65
2138,80,362,4.53,476.85,5.96
2139,15,201,13.4,247.67,16.51
2140,70,417,5.96,708.56,10.12
2141,73,921,12.62,1282.96,17.57
2146,61,539,8.84,644.21,10.56
2154,26,500,19.23,538.08,20.70
2162,28,326,11.64,435.50,15.55
2174,43,376,8.74,342.14,7.96
2177,69,422,6.12,747.78,10.84
2182,13,235,18.08,273.99,21.08
2183,17,83,4.88,131.07,7.71
2192,54,592,10.96,849.22,15.73
2198,58,946,16.31,1073.85,18.51
2207,43,1359,31.6,1471.44,34.22
2209,30,400,13.33,599.78,19.99
2214,56,884,15.79,946.35,16.90
2216,39,398,10.21,435.06,11.16
2225,15,1264,84.27,1832.45,122.16
2226,67,893,13.33,799.25,11.93
2232,96,789,8.22,1155.10,12.03
2233,85,855,10.06,1640.51,19.30
2239,53,390,7.36,513.00,9.68
2242,21,221,10.52,226.29,10.78
2243,19,814,42.84,1222.34,64.33
2256,52,318,6.12,360.34,6.93
2260,37,1288,34.81,1537.26,41.55
2263,73,522,7.15,826.83,11.33
2275,81,805,9.94,798.10,9.85
2277,74,846,11.43,894.74,12.09
2279,22,224,10.18,361.10,16.41
2282,11,535,48.64,763.86,69.44
2290,41,733,17.88,620.09,15.12
2291,23,476,20.7,675.13,29.35
2301,23,201,8.74,376.32,16.36
2312,39,599,15.36,553.91,14.20
2313,33,241,7.3,259.51,7.86
2322,107,448,4.19,662.25,6.19
2326,139,2053,14.77,2119.47,15.25
2327,32,249,7.78,414.14,12.94
2352,19,157,8.26,173.66,9.14
2359,98,525,5.36,826.58,8.43
2366,73,2129,29.16,2045.28,28.02
2370,74,349,4.72,457.46,6.18
2376,105,526,5.01,487.40,4.64
2377,89,695,7.81,1589.96,17.86
2379,44,294,6.68,257.66,5.86
2388,99,801,8.09,629.31,6.36
2392,19,150,7.89,176.93,9.31
2414,56,451,8.05,577.65,10.32
2417,44,600,13.64,892.61,20.29
2427,56,1409,25.16,1672.41,29.86
2431,20,1103,55.15,1316.05,65.80
2438,31,353,11.39,455.61,14.70
2442,80,586,7.33,536.53,6.71
2445,43,342,7.95,341.21,7.94
2450,81,784,9.68,1143.92,14.12
2451,43,394,9.16,492.34,11.45
2452,129,610,4.73,468.20,3.63
2466,27,466,17.26,656.20,24.30
2469,108,1367,12.66,1032.12,9.56
2470,57,438,7.68,595.48,10.45
2473,27,960,35.56,804.05,29.78
2476,115,922,8.02,1024.67,8.91
2498,48,451,9.4,755.38,15.74
2499,19,280,14.74,434.47,22.87
2500,59,1771,30.02,2177.42,36.91
2501,38,228,6,512.90,13.50
2503,173,565,3.27,602.79,3.48
2511,49,829,16.92,1396.94,28.51
2514,58,490,8.45,636.13,10.97
2519,36,349,9.69,320.83,8.91
2522,20,215,10.75,215.97,10.80
2532,46,466,10.13,614.89,13.37
2539,33,293,8.88,267.85,8.12
2559,62,601,9.69,977.11,15.76
2566,28,255,9.11,245.29,8.76
2568,61,491,8.05,512.52,8.40
2573,83,478,5.76,757.00,9.12
2575,172,1165,6.77,2098.24,12.20
2581,27,280,10.37,388.09,14.37
2588,127,1049,8.26,1264.34,9.96
2590,37,236,6.38,248.28,6.71
2600,61,334,5.48,414.54,6.80
2603,63,571,9.06,737.04,11.70
2604,17,341,20.06,398.67,23.45
2606,72,657,9.13,623.38,8.66
2614,116,1329,11.46,1224.53,10.56
2622,38,292,7.68,399.79,10.52
2623,113,832,7.36,1480.53,13.10
2628,101,583,5.77,560.82,5.55
2636,32,435,13.59,528.74,16.52
2638,28,107,3.82,189.22,6.76
2642,119,626,5.26,791.31,6.65
2643,48,542,11.29,583.77,12.16
2645,23,364,15.83,484.26,21.05
2649,112,472,4.21,573.21,5.12
2653,64,559,8.73,549.26,8.58
2657,63,645,10.24,451.27,7.16
2660,75,1010,13.47,1476.43,19.69
2662,43,600,13.95,765.63,17.81
2664,16,232,14.5,291.38,18.21
2667,29,812,28,989.26,34.11
2669,32,209,6.53,278.27,8.70
2671,36,1245,34.58,1385.68,38.49
2678,90,1513,16.81,1644.48,18.27
2684,155,756,4.88,1115.27,7.20
2692,166,1104,6.65,2425.46,14.61
2695,13,242,18.62,328.83,25.29
2705,62,1137,18.34,1317.94,21.26
2716,64,525,8.2,864.23,13.50
2737,28,478,17.07,427.82,15.28
2744,49,640,13.06,782.16,15.96
2754,111,648,5.84,500.17,4.51
2758,55,906,16.47,685.13,12.46
2760,55,246,4.47,282.61,5.14
2761,59,422,7.15,616.76,10.45
2764,32,468,14.63,542.10,16.94
2772,98,605,6.17,542.28,5.53
2777,93,568,6.11,1013.56,10.90
2780,25,212,8.48,374.95,15.00
2782,22,245,11.14,297.63,13.53
2784,39,462,11.85,558.16,14.31
2792,30,254,8.47,496.63,16.55
2795,17,204,12,204.75,12.04
2798,77,736,9.56,643.96,8.36
2802,116,661,5.7,884.27,7.62
2807,71,575,8.1,437.14,6.16
2820,28,322,11.5,328.96,11.75
2832,59,663,11.24,904.49,15.33
2833,44,470,10.68,539.47,12.26
2834,33,1208,36.61,1498.38,45.41
2837,183,855,4.67,660.16,3.61
2842,9,199,22.11,251.22,27.91
2848,51,898,17.61,1266.64,24.84
2852,63,689,10.94,692.08,10.99
2856,54,527,9.76,504.05,9.33
2861,54,366,6.78,498.86,9.24
2862,25,363,14.52,438.04,17.52
2865,35,286,8.17,471.63,13.48
2870,29,325,11.21,368.79,12.72
2874,66,998,15.12,1417.06,21.47
2880,25,202,8.08,245.86,9.83
2882,46,312,6.78,459.72,9.99
2883,75,1124,14.99,902.97,12.04
2888,148,1162,7.85,1002.15,6.77
2892,159,962,6.05,645.01,4.06
2897,88,1204,13.68,914.11,10.39
2898,29,382,13.17,389.16,13.42
2899,37,183,4.95,222.94,6.03
2901,41,486,11.85,600.83,14.65
2903,40,538,13.45,526.00,13.15
2905,89,541,6.08,500.47,5.62
2906,127,721,5.68,791.37,6.23
2916,61,403,6.61,936.18,15.35
2917,32,354,11.06,388.36,12.14
2920,26,689,26.5,536.08,20.62
2921,56,644,11.5,422.05,7.54
2922,36,235,6.53,483.14,13.42
2923,39,456,11.69,478.34,12.27
2925,49,964,19.67,859.52,17.54
2928,18,1073,59.61,1284.47,71.36
2937,63,363,5.76,301.45,4.78
2977,120,855,7.13,776.71,6.47
2981,20,433,21.65,524.82,26.24
2982,75,1016,13.55,970.70,12.94
2986,173,655,3.79,796.40,4.60
2988,89,419,4.71,654.91,7.36
2989,17,438,25.76,514.02,30.24
2994,47,350,7.45,586.07,12.47
3003,78,979,12.55,824.94,10.58
3004,22,517,23.5,533.46,24.25
3008,79,783,9.91,1005.26,12.72
3023,36,817,22.69,814.94,22.64
3027,31,261,8.42,228.97,7.39
3028,61,594,9.74,519.99,8.52
3038,105,917,8.73,951.50,9.06
3046,22,164,7.45,233.28,10.60
3050,11,286,26,274.64,24.97
3054,29,466,16.07,431.59,14.88
3064,37,149,4.03,503.12,13.60
3065,39,246,6.31,291.73,7.48
3066,75,547,7.29,575.99,7.68
3070,72,609,8.46,579.00,8.04
3076,47,770,16.38,952.62,20.27
3087,24,354,14.75,448.80,18.70
3092,91,1744,19.16,1959.54,21.53
3096,13,529,40.69,528.43,40.65
3116,147,990,6.73,1354.40,9.21
3117,104,563,5.41,436.20,4.19
3122,177,939,5.31,866.09,4.89
3126,60,613,10.22,842.24,14.04
3127,62,576,9.29,551.70,8.90
3128,91,749,8.23,873.07,9.59
3139,53,973,18.36,1371.68,25.88
3144,47,519,11.04,870.78,18.53
3145,17,188,11.06,256.67,15.10
3148,32,221,6.91,273.14,8.54
3149,38,643,16.92,595.72,15.68
3152,18,1019,56.61,1151.82,63.99
3155,17,109,6.41,154.93,9.11
3158,121,903,7.46,892.48,7.38
3165,105,808,7.7,778.90,7.42
3167,43,858,19.95,1024.33,23.82
3168,17,163,9.59,195.46,11.50
3170,41,349,8.51,470.41,11.47
3172,53,822,15.51,1013.38,19.12
3176,67,567,8.46,491.49,7.34
3177,35,322,9.2,416.03,11.89
3181,23,172,7.48,187.30,8.14
3182,88,459,5.22,468.73,5.33
3193,57,248,4.35,292.51,5.13
3196,90,594,6.6,614.18,6.82
3200,36,369,10.25,344.46,9.57
3202,81,934,11.53,934.77,11.54
3203,31,1718,55.42,1951.11,62.94
3210,152,852,5.61,979.21,6.44
3213,35,706,20.17,1015.64,29.02
3214,153,843,5.51,771.69,5.04
3218,4,97,24.25,109.90,27.48
3230,70,1164,16.63,1659.42,23.71
3243,39,1357,34.79,2019.02,51.77
3269,18,289,16.06,383.04,21.28
3278,36,635,17.64,614.16,17.06
3289,15,248,16.53,291.99,19.47
3293,46,989,21.5,845.32,18.38
3311,43,338,7.86,335.81,7.81
3315,28,306,10.93,381.65,13.63
3325,40,239,5.98,307.29,7.68
3331,28,1328,47.43,1367.09,48.82
3351,48,328,6.83,453.81,9.45
3353,55,795,14.45,919.68,16.72
3355,24,251,10.46,382.19,15.92
3363,47,324,6.89,348.20,7.41
3386,27,936,34.67,1263.47,46.80
3391,83,520,6.27,506.22,6.10
3394,54,564,10.44,466.42,8.64
3395,7,322,46,205.88,29.41
3398,24,599,24.96,597.45,24.89
3420,54,319,5.91,309.54,5.73
3424,27,349,12.93,392.12,14.52
3431,27,308,11.41,389.65,14.43
3433,60,1374,22.9,1905.49,31.76
3446,66,1511,22.89,1436.10,21.76
3447,62,721,11.63,820.66,13.24
3451,95,528,5.56,586.28,6.17
3452,100,554,5.54,767.84,7.68
3455,116,796,6.86,856.82,7.39
3457,32,157,4.91,115.90,3.62
3458,38,1863,49.03,2107.22,55.45
3463,81,422,5.21,419.12,5.17
3468,28,614,21.93,810.96,28.96
3472,95,294,3.09,280.37,2.95
3497,60,521,8.68,650.08,10.83
3513,34,404,11.88,487.04,14.32
3529,62,318,5.13,369.02,5.95
3530,16,278,17.38,278.74,17.42
3541,56,168,3,507.81,9.07
3545,14,145,10.36,152.97,10.93
3552,54,388,7.19,395.62,7.33
3555,72,315,4.38,379.58,5.27
3566,98,349,3.56,677.35,6.91
3568,14,550,39.29,613.66,43.83
3570,55,1047,19.04,1378.81,25.07
3571,176,1609,9.14,2341.57,13.30
3579,65,649,9.98,792.52,12.19
3583,106,705,6.65,619.83,5.85
3586,35,538,15.37,625.68,17.88
3587,27,621,23,870.91,32.26
3594,134,665,4.96,1813.31,13.53
3597,162,898,5.54,985.84,6.09
3605,108,578,5.35,932.01,8.63
3606,124,847,6.83,930.78,7.51
3613,87,665,7.64,1414.33,16.26
3617,36,208,5.78,447.11,12.42
3622,76,540,7.11,1756.78,23.12
3633,8,117,14.63,141.15,17.64
3636,63,1196,18.98,1626.97,25.82
3641,54,714,13.22,644.57,11.94
3644,100,903,9.03,1416.86,14.17
3647,125,855,6.84,1214.24,9.71
3660,94,1222,13,1540.32,16.39
3663,139,1258,9.05,1483.30,10.67
3671,29,112,3.86,144.81,4.99
3676,110,651,5.92,619.89,5.64
3679,84,232,2.76,331.96,3.95
3685,49,584,11.92,843.36,17.21
3686,213,1262,5.92,2224.27,10.44
3690,48,484,10.08,516.62,10.76
3693,51,197,3.86,213.87,4.19
3695,77,459,5.96,529.70,6.88
3701,68,908,13.35,975.57,14.35
3702,30,1089,36.3,1231.02,41.03
3711,69,652,9.45,859.19,12.45
3715,135,1129,8.36,1558.89,11.55
3727,203,719,3.54,906.97,4.47
3728,51,1010,19.8,1104.10,21.65
3730,24,547,22.79,637.10,26.55
3733,82,667,8.13,1312.99,16.01
3740,53,498,9.4,522.89,9.87
3741,18,207,11.5,268.74,14.93
3745,73,445,6.1,560.97,7.68
3756,138,1051,7.62,841.45,6.10
3759,28,202,7.21,338.20,12.08
3760,7,70,10,65.31,9.33
3763,77,724,9.4,1318.69,17.13
3780,17,512,30.12,753.11,44.30
3781,83,504,6.07,456.02,5.49
3789,44,781,17.75,706.33,16.05
3798,101,691,6.84,580.71,5.75
3817,122,866,7.1,1435.13,11.76
3818,61,379,6.21,310.46,5.09
3819,74,465,6.28,706.94,9.55
3820,46,329,7.15,561.36,12.20
3830,362,1036,2.86,1505.89,4.16
3838,87,302,3.47,467.16,5.37
3839,108,791,7.32,955.50,8.85
3843,54,530,9.81,708.80,13.13
3844,29,569,19.62,693.94,23.93
3845,43,393,9.14,304.00,7.07
3848,147,696,4.73,1510.16,10.27
3855,34,427,12.56,379.85,11.17
3865,143,1003,7.01,923.37,6.46
3870,22,155,7.05,207.25,9.42
3877,29,269,9.28,328.90,11.34
3881,39,415,10.64,466.07,11.95
3887,116,945,8.15,802.09,6.91
3892,140,1020,7.29,1161.85,8.30
3893,193,606,3.14,744.33,3.86
3902,39,364,9.33,457.41,11.73
3940,24,192,8,208.93,8.71
3945,133,876,6.59,1410.78,10.61
3947,110,496,4.51,1062.33,9.66
3949,81,653,8.06,946.69,11.69
3953,100,494,4.94,472.10,4.72
3961,79,2042,25.85,1957.82,24.78
3967,24,153,6.38,229.34,9.56
3968,27,125,4.63,270.42,10.02
3973,15,234,15.6,316.60,21.11
3978,150,871,5.81,962.44,6.42
3990,71,538,7.58,679.86,9.58
3997,48,625,13.02,677.43,14.11
4005,23,458,19.91,617.00,26.83
4006,20,144,7.2,223.90,11.20
4020,19,421,22.16,380.33,20.02
4024,14,180,12.86,225.69,16.12
4025,60,513,8.55,618.19,10.30
4028,66,610,9.24,540.47,8.19
4030,103,637,6.18,616.60,5.99
4035,23,372,16.17,451.81,19.64
4042,33,347,10.52,370.11,11.22
4044,126,360,2.86,499.76,3.97
4045,23,1117,48.57,1123.24,48.84
4047,178,1143,6.42,1318.51,7.41
4051,20,479,23.95,468.61,23.43
4053,50,447,8.94,764.75,15.30
4063,148,712,4.81,1371.35,9.27
4066,28,255,9.11,260.56,9.31
4069,53,318,6,592.48,11.18
4070,89,750,8.43,942.68,10.59
4073,87,931,10.7,874.03,10.05
4075,74,361,4.88,620.61,8.39
4079,150,1627,10.85,1898.04,12.65
4082,14,237,16.93,244.61,17.47
4083,101,632,6.26,603.63,5.98
4084,26,270,10.38,289.13,11.12
4086,30,516,17.2,511.97,17.07
4098,17,329,19.35,470.53,27.68
4109,65,581,8.94,952.25,14.65
4118,51,326,6.39,312.37,6.12
4134,68,593,8.72,853.01,12.54
4135,38,473,12.45,384.70,10.12
4140,102,1017,9.97,1178.34,11.55
4149,38,371,9.76,768.24,20.22
4151,82,527,6.43,679.82,8.29
4158,67,389,5.81,700.40,10.45
4163,171,1031,6.03,879.88,5.15
4166,57,583,10.23,611.96,10.74
4173,18,104,5.78,86.64,4.81
4176,35,397,11.34,412.95,11.80
4187,30,477,15.9,745.67,24.86
4188,89,621,6.98,422.43,4.75
4193,98,494,5.04,1388.02,14.16
4207,124,597,4.81,698.14,5.63
4219,169,818,4.84,778.23,4.60
4231,35,540,15.43,559.97,16.00
4232,82,917,11.18,963.43,11.75
4235,24,585,24.38,609.01,25.38
4238,93,568,6.11,798.42,8.59
4242,53,227,4.28,385.56,7.27
4243,21,780,37.14,930.64,44.32
4245,242,1184,4.89,1296.12,5.36
4254,58,262,4.52,287.13,4.95
4257,30,276,9.2,381.08,12.70
4258,79,784,9.92,998.11,12.63
4268,25,451,18.04,477.41,19.10
4278,40,449,11.23,488.96,12.22
4279,36,323,8.97,352.42,9.79
4280,81,614,7.58,460.28,5.68
4285,97,275,2.84,387.96,4.00
4290,93,912,9.81,981.13,10.55
4294,82,915,11.16,1250.60,15.25
4300,143,1355,9.48,1470.69,10.28
4305,40,259,6.48,287.39,7.18
4307,99,1652,16.69,2302.66,23.26
4323,64,1165,18.2,1063.90,16.62
4338,48,481,10.02,540.25,11.26
4339,52,1175,22.6,1279.81,24.61
4348,32,433,13.53,486.88,15.22
4351,75,505,6.73,472.62,6.30
4354,54,960,17.78,1146.03,21.22
4355,27,368,13.63,574.75,21.29
4361,96,569,5.93,506.03,5.27
4365,107,713,6.66,716.10,6.69
4368,207,1704,8.23,2416.15,11.67
4376,19,296,15.58,425.71,22.41
4378,55,415,7.55,573.93,10.44
4383,198,304,1.54,1032.47,5.21
4384,87,690,7.93,1026.44,11.80
4391,37,773,20.89,972.70,26.29
4407,44,368,8.36,434.31,9.87
4411,97,519,5.35,614.91,6.34
4416,96,772,8.04,799.66,8.33
4421,105,666,6.34,1364.68,13.00
4423,155,617,3.98,620.95,4.01
4434,120,1094,9.12,1695.26,14.13
4437,43,350,8.14,531.95,12.37
4440,112,666,5.95,1033.31,9.23
4446,52,443,8.52,561.56,10.80
4451,90,359,3.99,374.86,4.17
4453,127,754,5.94,1178.74,9.28
4454,126,1481,11.75,1740.44,13.81
4455,88,877,9.97,2001.10,22.74
4459,134,1713,12.78,1412.47,10.54
4460,22,206,9.36,321.98,14.64
4481,115,381,3.31,445.75,3.88
4484,61,333,5.46,330.57,5.42
4496,17,337,19.82,601.12,35.36
4497,112,744,6.64,635.40,5.67
4499,136,1415,10.4,1574.33,11.58
4500,44,770,17.5,933.22,21.21
4503,33,651,19.73,590.31,17.89
4513,259,1599,6.17,2337.14,9.02
4517,30,381,12.7,447.24,14.91
4518,79,606,7.67,850.42,10.76
4547,71,407,5.73,485.71,6.84
4549,66,1033,15.65,1277.35,19.35
4552,174,1220,7.01,2280.68,13.11
4559,183,786,4.3,821.77,4.49
4570,103,339,3.29,899.56,8.73
4572,28,711,25.39,751.29,26.83
4581,78,449,5.76,2119.31,27.17
4586,58,562,9.69,965.72,16.65
4587,20,913,45.65,1116.27,55.81
4593,52,632,12.15,1545.76,29.73
4597,20,271,13.55,431.90,21.60
4600,159,924,5.81,1012.65,6.37
4603,56,705,12.59,841.58,15.03
4608,58,1608,27.72,1360.55,23.46
4620,47,545,11.6,822.58,17.50
4622,132,423,3.2,916.81,6.95
4636,32,396,12.38,447.13,13.97
4637,38,612,16.11,638.14,16.79
4639,36,524,14.56,631.80,17.55
4648,73,584,8,1126.40,15.43
4664,109,478,4.39,1051.26,9.64
4667,170,926,5.45,1664.98,9.79
4669,44,919,20.89,1359.71,30.90
4670,88,631,7.17,1085.56,12.34
4675,348,2668,7.67,3085.67,8.87
4683,39,480,12.31,500.31,12.83
4691,156,811,5.2,1595.92,10.23
4694,25,119,4.76,211.12,8.44
4696,104,658,6.33,1451.10,13.95
4703,51,326,6.39,852.07,16.71
4709,21,132,6.29,140.50,6.69
4711,88,618,7.02,1224.16,13.91
4715,41,405,9.88,733.08,17.88
4724,54,235,4.35,318.72,5.90
4725,70,686,9.8,744.35,10.63
4726,122,772,6.33,759.69,6.23
4730,33,203,6.15,407.03,12.33
4740,79,1054,13.34,926.94,11.73
4745,17,111,6.53,138.58,8.15
4749,92,260,2.83,631.12,6.86
4754,98,663,6.77,799.76,8.16
4757,27,333,12.33,452.42,16.76
4769,154,786,5.1,1476.47,9.59
4770,90,486,5.4,732.18,8.14
4776,92,426,4.63,839.74,9.13
4781,29,220,7.59,957.45,33.02
4790,14,276,19.71,408.70,29.19
4794,36,320,8.89,406.67,11.30
4801,12,162,13.5,199.64,16.64
4804,273,1172,4.29,1236.53,4.53
4805,82,677,8.26,862.60,10.52
4806,28,131,4.68,126.54,4.52
4807,68,642,9.44,829.60,12.20
4810,119,757,6.36,597.75,5.02
4812,78,428,5.49,751.23,9.63
4833,22,220,10,384.32,17.47
4836,31,569,18.35,681.89,22.00
4848,64,398,6.22,591.42,9.24
4857,111,671,6.05,979.81,8.83
4861,50,302,6.04,261.63,5.23
4865,30,322,10.73,402.11,13.40
4869,61,440,7.21,821.70,13.47
4873,47,355,7.55,672.07,14.30
4875,72,587,8.15,686.39,9.53
4876,190,660,3.47,607.46,3.20
4880,86,953,11.08,1293.55,15.04
4882,97,1090,11.24,1069.16,11.02
4895,64,666,10.41,1005.95,15.72
4897,149,813,5.46,819.04,5.50
4900,51,912,17.88,985.63,19.33
4905,60,719,11.98,1083.24,18.05
4917,79,752,9.52,869.81,11.01
4919,83,690,8.31,766.13,9.23
4922,45,297,6.6,887.91,19.73
4924,113,730,6.46,963.14,8.52
4934,73,346,4.74,763.06,10.45
4941,154,485,3.15,484.65,3.15
4942,75,624,8.32,1012.73,13.50
4949,54,337,6.24,355.04,6.57
4970,67,428,6.39,335.76,5.01
4976,146,681,4.66,873.25,5.98
4978,41,864,21.07,840.47,20.50
4984,50,711,14.22,925.42,18.51
4993,58,419,7.22,637.78,11.00
4994,159,1649,10.37,2374.54,14.93
5006,39,195,5,450.43,11.55
5008,25,331,13.24,628.29,25.13
5009,93,675,7.26,705.60,7.59
5011,69,1222,17.71,1305.51,18.92
5013,76,528,6.95,1195.42,15.73
5025,53,577,10.89,1083.39,20.44
5029,70,317,4.53,619.03,8.84
5031,83,412,4.96,443.12,5.34
5036,30,762,25.4,1469.03,48.97
5044,45,237,5.27,798.25,17.74
5050,13,221,17,221.68,17.05
5053,96,1574,16.4,1389.59,14.47
5055,48,270,5.63,396.86,8.27
5056,154,545,3.54,1392.85,9.04
5057,127,1766,13.91,2344.46,18.46
5058,112,671,5.99,1641.05,14.65
5060,174,1845,10.6,1610.37,9.25
5066,47,454,9.66,591.58,12.59
5076,121,852,7.04,1439.27,11.89
5080,48,762,15.88,863.76,18.00
5081,28,150,5.36,158.77,5.67
5090,63,953,15.13,1324.80,21.03
5091,88,1086,12.34,1639.03,18.63
5092,59,663,11.24,584.72,9.91
5093,165,786,4.76,858.73,5.20
5104,61,265,4.34,490.49,8.04
5105,83,439,5.29,402.61,4.85
5107,108,635,5.88,1045.31,9.68
5110,218,1927,8.84,4091.27,18.77
5130,22,127,5.77,277.99,12.64
5134,137,848,6.19,1196.57,8.73
5137,189,644,3.41,1106.03,5.85
5146,44,226,5.14,576.71,13.11
5169,105,530,5.05,1281.74,12.21
5170,30,361,12.03,353.34,11.78
5175,62,569,9.18,795.89,12.84
5179,33,785,23.79,898.87,27.24
5185,220,1144,5.2,915.32,4.16
5189,60,1843,30.72,2597.74,43.30
5198,26,360,13.85,704.13,27.08
5204,88,561,6.38,693.23,7.88
5215,101,530,5.25,1082.74,10.72
5233,133,805,6.05,898.23,6.75
5234,64,227,3.55,275.76,4.31
5240,53,629,11.87,870.10,16.42
5242,13,579,44.54,653.86,50.30
5246,142,492,3.46,743.88,5.24
5256,78,1252,16.05,2900.34,37.18
5261,7,157,22.43,253.25,36.18
5264,23,180,7.83,447.37,19.45
5268,46,171,3.72,339.65,7.38
5275,19,254,13.37,402.92,21.21
5284,138,964,6.99,1489.72,10.80
5290,94,671,7.14,697.30,7.42
5296,102,253,2.48,641.00,6.28
5310,34,369,10.85,574.65,16.90
5319,97,478,4.93,725.89,7.48
5320,151,430,2.85,1518.49,10.06
5321,23,520,22.61,891.50,38.76
5328,111,873,7.86,1580.06,14.23
5330,50,87,1.74,140.94,2.82
5331,155,971,6.26,1104.01,7.12
5332,105,463,4.41,955.93,9.10
5339,19,103,5.42,261.01,13.74
5340,152,731,4.81,665.71,4.38
5345,95,396,4.17,455.94,4.80
5351,53,264,4.98,291.10,5.49
5356,70,331,4.73,479.74,6.85
5358,56,415,7.41,445.76,7.96
5360,38,752,19.79,1133.99,29.84
5363,155,513,3.31,1223.10,7.89
5364,52,728,14,916.41,17.62
5365,57,464,8.14,802.48,14.08
5373,40,190,4.75,196.83,4.92
5377,192,990,5.16,1660.63,8.65
5378,121,1973,16.31,1948.03,16.10
5393,77,593,7.7,666.49,8.66
5399,70,391,5.59,709.09,10.13
5407,33,392,11.88,394.17,11.94
5426,122,1139,9.34,1253.95,10.28
5431,85,907,10.67,1060.20,12.47
5440,13,95,7.31,156.13,12.01
5453,23,443,19.26,560.30,24.36
5455,36,430,11.94,565.47,15.71
5457,72,401,5.57,378.04,5.25
5460,104,976,9.38,2134.11,20.52
5467,122,1572,12.89,1228.99,10.07
5470,126,906,7.19,1225.72,9.73
5472,104,412,3.96,470.03,4.52
5485,55,264,4.8,507.06,9.22
5492,71,348,4.9,395.92,5.58
5498,27,953,35.3,1623.21,60.12
5501,181,967,5.34,1433.92,7.92
5502,109,546,5.01,1179.91,10.82
5503,19,219,11.53,399.28,21.01
5510,65,457,7.03,606.42,9.33
5512,47,666,14.17,979.90,20.85
5518,88,472,5.36,856.56,9.73
5530,65,350,5.38,614.84,9.46
5533,58,374,6.45,420.16,7.24
5540,188,548,2.91,485.66,2.58
5542,41,355,8.66,431.30,10.52
5543,118,593,5.03,1085.25,9.20
5544,217,708,3.26,1385.95,6.39
5550,65,594,9.14,815.29,12.54
5553,54,477,8.83,591.43,10.95
5556,19,289,15.21,312.67,16.46
5557,56,445,7.95,442.98,7.91
5558,120,914,7.62,991.24,8.26
5561,105,568,5.41,984.89,9.38
5562,114,614,5.39,849.87,7.46
5578,221,615,2.78,732.04,3.31
5580,87,1168,13.43,1261.20,14.50
5593,63,506,8.03,500.69,7.95
5596,96,948,9.88,1353.95,14.10
5601,82,515,6.28,495.85,6.05
5615,29,306,10.55,542.14,18.69
5622,120,332,2.77,807.18,6.73
5625,74,765,10.34,907.08,12.26
5630,15,262,17.47,454.78,30.32
5631,58,707,12.19,1341.93,23.14
5635,35,190,5.43,272.20,7.78
5636,22,507,23.05,704.11,32.01
5641,63,686,10.89,1565.12,24.84
5642,81,187,2.31,472.40,5.83
5647,133,1081,8.13,1124.86,8.46
5664,101,1806,17.88,2044.02,20.24
5665,33,296,8.97,340.54,10.32
5667,94,502,5.34,631.10,6.71
5676,118,872,7.39,879.91,7.46
5679,58,343,5.91,431.50,7.44
5696,60,811,13.52,1334.70,22.25
5702,42,243,5.79,676.60,16.11
5703,74,924,12.49,1348.33,18.22
5704,109,1286,11.8,2095.28,19.22
5706,62,418,6.74,454.13,7.32
5709,90,599,6.66,838.78,9.32
5722,99,875,8.84,1263.13,12.76
5730,150,1066,7.11,758.74,5.06
5731,114,491,4.31,1480.84,12.99
5754,55,162,2.95,696.33,12.66
5764,169,1335,7.9,1503.40,8.90
5765,105,484,4.61,707.11,6.73
5785,45,348,7.73,343.40,7.63
5799,21,169,8.05,239.77,11.42
5802,68,516,7.59,737.02,10.84
5806,91,567,6.23,584.11,6.42
5817,116,723,6.23,778.75,6.71
5831,97,627,6.46,812.13,8.37
5832,23,164,7.13,322.85,14.04
5852,222,1537,6.92,2636.20,11.87
5858,33,487,14.76,614.61,18.62
5860,288,1050,3.65,1975.92,6.86
5864,166,913,5.5,2674.16,16.11
5868,50,217,4.34,240.62,4.81
5869,78,133,1.71,378.46,4.85
5871,54,318,5.89,369.35,6.84
5878,112,930,8.3,773.46,6.91
5888,45,429,9.53,801.91,17.82
5901,49,354,7.22,504.58,10.30
5903,217,797,3.67,981.49,4.52
5908,125,840,6.72,680.97,5.45
5920,58,715,12.33,1029.90,17.76
5927,21,321,15.29,354.46,16.88
5936,32,410,12.81,504.26,15.76
5942,19,227,11.95,435.82,22.94
5943,48,305,6.35,385.12,8.02
5944,85,557,6.55,752.97,8.86
5948,108,399,3.69,832.81,7.71
5949,24,302,12.58,378.85,15.79
5950,34,663,19.5,819.36,24.10
5951,40,397,9.93,766.30,19.16
5956,44,589,13.39,676.00,15.36
5965,25,439,17.56,532.36,21.29
5984,39,420,10.77,1128.27,28.93
5985,97,846,8.72,805.63,8.31
5986,63,1110,17.62,1744.14,27.68
5989,34,179,5.26,192.73,5.67
5994,85,825,9.71,945.66,11.13
5995,114,618,5.42,652.60,5.72
6000,21,168,8,178.27,8.49
6001,76,562,7.39,1234.05,16.24
6002,86,521,6.06,1053.19,12.25
6012,84,593,7.06,454.92,5.42
6021,171,522,3.05,1282.75,7.50
6022,11,62,5.64,80.27,7.30
6024,32,226,7.06,252.02,7.88
6028,53,335,6.32,484.06,9.13
6032,43,995,23.14,1337.37,31.10
6040,49,480,9.8,530.49,10.83
6042,53,484,9.13,966.04,18.23
6043,11,97,8.82,136.03,12.37
6056,118,768,6.51,1089.35,9.23
6059,29,722,24.9,953.57,32.88
6063,347,947,2.73,923.84,2.66
6067,85,335,3.94,558.21,6.57
6069,27,121,4.48,178.52,6.61
6070,78,709,9.09,700.60,8.98
6072,142,489,3.44,591.78,4.17
6073,73,548,7.51,491.52,6.73
6074,35,285,8.14,554.29,15.84
6079,107,877,8.2,1863.01,17.41
6080,128,827,6.46,1674.76,13.08
6081,55,698,12.69,1106.99,20.13
6083,108,621,5.75,947.90,8.78
6086,173,1162,6.72,1843.41,10.66
6089,82,1022,12.46,861.10,10.50
6097,116,3499,30.16,4448.19,38.35
6114,149,828,5.56,935.45,6.28
6115,52,433,8.33,559.31,10.76
6117,42,435,10.36,511.91,12.19
6120,142,615,4.33,1561.12,10.99
6124,43,920,21.4,1235.15,28.72
6126,111,876,7.89,868.05,7.82
6144,27,144,5.33,225.42,8.35
6153,37,792,21.41,1014.73,27.43
6159,35,258,7.37,368.36,10.52
6160,26,323,12.42,479.75,18.45
6162,29,500,17.24,806.04,27.79
6170,29,221,7.62,384.65,13.26
6177,135,1157,8.57,1469.18,10.88
6180,134,402,3,695.62,5.19
6189,92,1069,11.62,1578.86,17.16
6197,101,912,9.03,1108.84,10.98
6220,60,465,7.75,1086.97,18.12
6229,50,790,15.8,855.66,17.11
6235,47,299,6.36,396.55,8.44
6237,34,214,6.29,263.54,7.75
6239,98,528,5.39,675.19,6.89
6240,55,513,9.33,420.67,7.65
6245,32,241,7.53,433.78,13.56
6246,102,811,7.95,1254.68,12.30
6248,188,1823,9.7,3940.75,20.96
6250,34,231,6.79,540.51,15.90
6251,41,503,12.27,570.77,13.92
6252,35,679,19.4,875.91,25.03
6254,152,708,4.66,632.32,4.16
6258,26,293,11.27,418.50,16.10
6267,48,271,5.65,569.32,11.86
6270,179,1147,6.41,1532.24,8.56
6292,63,326,5.17,456.08,7.24
6294,49,525,10.71,540.30,11.03
6299,124,1317,10.62,1320.36,10.65
6305,54,254,4.7,667.22,12.36
6314,70,1729,24.7,2801.32,40.02
6327,39,298,7.64,665.08,17.05
6330,134,664,4.96,682.08,5.09
6333,89,694,7.8,902.99,10.15
6335,21,169,8.05,375.41,17.88
6340,46,2394,52.04,3578.62,77.80
6344,107,599,5.6,682.53,6.38
6348,101,855,8.47,1014.49,10.04
6350,24,239,9.96,569.77,23.74
6355,100,884,8.84,1148.66,11.49
6358,42,316,7.52,476.98,11.36
6365,29,735,25.34,896.96,30.93
6370,115,1454,12.64,1534.38,13.34
6394,75,419,5.59,518.38,6.91
6395,98,317,3.23,453.65,4.63
6396,21,102,4.86,198.93,9.47
6409,20,97,4.85,192.33,9.62
6414,83,466,5.61,817.95,9.85
6415,63,710,11.27,908.58,14.42
6428,70,730,10.43,707.49,10.11
6432,22,452,20.55,452.95,20.59
6434,28,695,24.82,877.16,31.33
6441,77,348,4.52,720.96,9.36
6453,179,815,4.55,1044.71,5.84
6454,74,665,8.99,795.35,10.75
6460,26,315,12.12,354.33,13.63
6461,277,1571,5.67,3491.78,12.61
6462,176,724,4.11,832.19,4.73
6465,48,505,10.52,1220.31,25.42
6468,68,499,7.34,450.52,6.63
6470,50,534,10.68,579.03,11.58
6471,34,743,21.85,709.61,20.87
6483,85,402,4.73,1259.71,14.82
6497,150,2825,18.83,2195.36,14.64
6506,108,426,3.94,705.97,6.54
6521,94,2061,21.93,2703.97,28.77
6523,32,158,4.94,573.18,17.91
6536,111,927,8.35,890.69,8.02
6537,62,312,5.03,648.05,10.45
6538,45,315,7,936.54,20.81
6540,25,163,6.52,296.86,11.87
6541,39,714,18.31,1083.71,27.79
6558,84,325,3.87,427.77,5.09
6562,199,1302,6.54,1510.24,7.59
6565,111,960,8.65,1764.45,15.90
6566,96,595,6.2,506.97,5.28
6569,126,723,5.74,915.44,7.27
6573,111,1298,11.69,1877.72,16.92
6587,160,581,3.63,968.42,6.05
6588,28,471,16.82,420.49,15.02
6590,83,595,7.17,474.88,5.72
6600,78,637,8.17,1089.90,13.97
6602,77,576,7.48,1038.09,13.48
6609,27,1534,56.81,2211.59,81.91
6618,18,321,17.83,492.22,27.35
6620,35,453,12.94,524.24,14.98
6621,31,399,12.87,481.47,15.53
6622,47,229,4.87,530.17,11.28
6631,41,697,17,944.02,23.02
6632,90,944,10.49,1912.88,21.25
6647,76,490,6.45,929.59,12.23
6654,41,733,17.88,458.43,11.18
6668,212,1826,8.61,2163.82,10.21
6674,37,541,14.62,402.99,10.89
6680,55,888,16.15,1612.19,29.31
6695,112,405,3.62,1348.26,12.04
6701,74,190,2.57,800.25,10.81
6709,115,478,4.16,780.77,6.79
6712,90,623,6.92,719.79,8.00
6716,87,768,8.83,779.55,8.96
6731,34,149,4.38,221.95,6.53
6738,49,560,11.43,1204.54,24.58
6744,178,2084,11.71,2778.20,15.61
6745,10,49,4.9,178.72,17.87
6748,39,284,7.28,435.47,11.17
6750,40,345,8.63,391.90,9.80
6751,52,501,9.63,690.01,13.27
6752,89,387,4.35,607.54,6.83
6759,116,1868,16.1,1982.10,17.09
6760,28,1340,47.86,1854.14,66.22
6762,162,1020,6.3,2063.80,12.74
6764,87,430,4.94,633.78,7.28
6778,14,345,24.64,372.68,26.62
6781,102,845,8.28,1709.86,16.76
6787,31,792,25.55,1075.44,34.69
6791,22,203,9.23,261.21,11.87
6795,153,617,4.03,1143.05,7.47
6797,82,885,10.79,2047.21,24.97
6798,87,457,5.25,663.14,7.62
6802,120,661,5.51,1210.41,10.09
6804,81,409,5.05,895.42,11.05
6805,43,382,8.88,441.47,10.27
6806,16,300,18.75,396.03,24.75
6809,67,603,9,506.88,7.57
6811,62,476,7.68,455.46,7.35
6832,49,410,8.37,820.45,16.74
6834,52,216,4.15,525.73,10.11
6847,107,710,6.64,835.17,7.81
6848,172,1654,9.62,2221.62,12.92
6856,66,302,4.58,574.39,8.70
6871,57,439,7.7,896.57,15.73
6875,38,336,8.84,683.49,17.99
6889,160,612,3.83,691.33,4.32
6894,68,427,6.28,405.38,5.96
6899,81,514,6.35,1051.85,12.99
6904,307,1077,3.51,1582.62,5.16
6913,32,244,7.63,267.53,8.36
6917,28,304,10.86,391.98,14.00
6920,33,411,12.45,799.87,24.24
6922,63,527,8.37,515.30,8.18
6923,91,299,3.29,368.31,4.05
6924,197,820,4.16,920.92,4.67
6937,48,729,15.19,733.59,15.28
6939,65,296,4.55,896.09,13.79
6940,46,344,7.48,483.61,10.51
6945,83,375,4.52,686.68,8.27
6948,53,365,6.89,493.50,9.31
6950,24,90,3.75,291.45,12.14
6951,86,1985,23.08,2466.40,28.68
6952,92,904,9.83,1147.33,12.47
6953,49,227,4.63,303.23,6.19
6954,18,158,8.78,315.21,17.51
6955,31,443,14.29,520.16,16.78
6967,33,326,9.88,472.67,14.32
6970,26,278,10.69,272.04,10.46
6981,49,426,8.69,737.46,15.05
6985,82,506,6.17,766.13,9.34
6989,83,407,4.9,528.20,6.36
6992,39,503,12.9,748.11,19.18
7005,65,1516,23.32,2417.91,37.20
7010,34,495,14.56,588.30,17.30
7013,64,500,7.81,703.37,10.99
7016,64,595,9.3,980.29,15.32
7017,33,475,14.39,502.26,15.22
7019,51,310,6.08,318.25,6.24
7032,31,305,9.84,450.45,14.53
7036,24,148,6.17,194.60,8.11
7041,32,263,8.22,686.41,21.45
7044,39,671,17.21,621.44,15.93
7046,77,467,6.06,644.09,8.36
7053,42,290,6.9,485.10,11.55
7061,37,208,5.62,208.38,5.63
7063,29,270,9.31,329.40,11.36
7064,84,805,9.58,931.77,11.09
7067,72,1164,16.17,2001.06,27.79
7068,48,345,7.19,647.19,13.48
7074,55,728,13.24,1077.22,19.59
7077,38,194,5.11,384.55,10.12
7079,108,489,4.53,528.33,4.89
7083,20,585,29.25,1413.95,70.70
7091,34,335,9.85,404.79,11.91
7093,25,375,15,645.40,25.82
7094,20,354,17.7,448.42,22.42
7104,143,777,5.43,896.16,6.27
7110,22,523,23.77,660.92,30.04
7124,47,402,8.55,529.04,11.26
7126,50,297,5.94,358.97,7.18
7127,46,376,8.17,656.33,14.27
7130,21,609,29,784.76,37.37
7131,97,584,6.02,633.75,6.53
7132,2,35,17.5,71.43,35.72
7135,10,232,23.2,314.91,31.49
7138,29,533,18.38,705.07,24.31
7141,35,449,12.83,501.63,14.33
7145,65,335,5.15,339.21,5.22
7146,31,372,12,479.83,15.48
7148,33,704,21.33,767.90,23.27
7150,25,281,11.24,265.39,10.62
7158,27,702,26,871.57,32.28
7161,25,217,8.68,252.06,10.08
7172,34,266,7.82,225.77,6.64
7175,88,491,5.58,632.00,7.18
7191,66,913,13.83,1391.98,21.09
7199,94,907,9.65,1332.88,14.18
7210,30,1957,65.23,2143.50,71.45
7219,67,1068,15.94,1019.98,15.22
7250,90,894,9.93,862.86,9.59
7251,38,598,15.74,552.33,14.54
7257,32,281,8.78,358.53,11.20
7263,49,301,6.14,378.96,7.73
7269,19,598,31.47,593.55,31.24
7276,110,751,6.83,998.96,9.08
7280,55,716,13.02,720.28,13.10
7289,38,1106,29.11,1150.69,30.28
7299,50,309,6.18,637.84,12.76
7302,52,800,15.38,1298.83,24.98
7303,78,611,7.83,795.13,10.19
7307,166,1159,6.98,1027.92,6.19
7314,78,943,12.09,868.60,11.14
7329,40,861,21.53,1320.63,33.02
7330,62,322,5.19,429.66,6.93
7331,34,830,24.41,1100.11,32.36
7334,38,909,23.92,1075.83,28.31
7336,81,588,7.26,710.22,8.77
7342,181,663,3.66,1151.77,6.36
7345,52,1271,24.44,1791.58,34.45
7346,27,165,6.11,328.78,12.18
7359,45,494,10.98,549.37,12.21
7362,93,494,5.31,854.09,9.18
7365,42,315,7.5,535.76,12.76
7368,34,170,5,223.53,6.57
7372,66,485,7.35,581.24,8.81
7379,29,745,25.69,892.35,30.77
7384,100,1124,11.24,1076.40,10.76
7385,27,1600,59.26,1982.45,73.42
7386,105,1262,12.02,2196.03,20.91
7399,36,275,7.64,381.09,10.59
7401,49,354,7.22,431.64,8.81
7405,65,814,12.52,878.72,13.52
7406,57,801,14.05,1164.53,20.43
7407,33,635,19.24,1068.68,32.38
7414,105,661,6.3,906.24,8.63
7418,30,648,21.6,769.81,25.66
7422,26,210,8.08,310.90,11.96
7428,23,404,17.57,533.02,23.17
7433,20,442,22.1,567.57,28.38
7435,29,394,13.59,529.04,18.24
7436,52,381,7.33,569.09,10.94
7448,41,487,11.88,550.85,13.44
7454,40,785,19.63,1020.59,25.51
7458,103,1203,11.68,1418.84,13.78
7460,19,511,26.89,858.84,45.20
7462,127,1004,7.91,941.29,7.41
7470,42,409,9.74,560.75,13.35
7478,19,236,12.42,283.38,14.91
7479,50,234,4.68,331.45,6.63
7484,44,265,6.02,300.80,6.84
7494,59,824,13.97,867.80,14.71
7499,48,763,15.9,633.48,13.20
7513,59,226,3.83,252.64,4.28
7516,55,2052,37.31,3676.46,66.84
7517,54,386,7.15,438.96,8.13
7518,52,541,10.4,835.54,16.07
7520,16,201,12.56,265.48,16.59
7529,92,502,5.46,751.76,8.17
7531,33,268,8.12,361.23,10.95
7536,70,974,13.91,1593.88,22.77
7538,149,1259,8.45,1447.79,9.72
7554,28,919,32.82,688.01,24.57
7559,90,525,5.83,760.09,8.45
7560,35,187,5.34,225.12,6.43
7572,52,583,11.21,611.72,11.76
7576,42,626,14.9,769.11,18.31
7587,24,1386,57.75,1660.82,69.20
7604,68,515,7.57,1028.21,15.12
7607,170,617,3.63,543.81,3.20
7620,25,99,3.96,150.58,6.02
7621,38,736,19.37,1020.41,26.85
7626,20,1247,62.35,1802.86,90.14
7643,142,1222,8.61,1128.25,7.95
7644,71,635,8.94,597.81,8.42
7650,66,454,6.88,395.59,5.99
7658,58,644,11.1,783.07,13.50
7660,112,480,4.29,1137.69,10.16
7665,78,300,3.85,678.55,8.70
7675,39,1078,27.64,1541.33,39.52
7683,97,485,5,559.70,5.77
7699,80,1217,15.21,1471.56,18.39
7700,49,462,9.43,770.01,15.71
7705,14,560,40,810.60,57.90
7710,68,498,7.32,813.69,11.97
7715,72,439,6.1,579.94,8.05
7726,90,1072,11.91,913.80,10.15
7729,42,957,22.79,1309.01,31.17
7747,102,1411,13.83,1858.77,18.22
7756,67,485,7.24,443.32,6.62
7758,32,180,5.63,354.86,11.09
7773,17,404,23.76,512.61,30.15
7782,74,575,7.77,690.83,9.34
7789,56,447,7.98,545.25,9.74
7792,48,290,6.04,594.98,12.40
7806,77,670,8.7,932.52,12.11
7814,49,312,6.37,408.04,8.33
7816,116,401,3.46,1013.26,8.74
7823,102,1850,18.14,2221.03,21.77
7825,45,711,15.8,765.79,17.02
7830,35,345,9.86,533.41,15.24
7840,45,306,6.8,378.94,8.42
7843,45,608,13.51,823.14,18.29
7849,50,614,12.28,794.35,15.89
7855,163,738,4.53,879.25,5.39
7874,17,292,17.18,319.51,18.79
7881,119,754,6.34,877.82,7.38
7884,49,166,3.39,323.17,6.60
7897,61,274,4.49,477.20,7.82
7903,48,622,12.96,678.01,14.13
7905,48,329,6.85,399.50,8.32
7910,34,250,7.35,366.10,10.77
7914,86,660,7.67,847.77,9.86
7944,119,608,5.11,639.93,5.38
7955,98,657,6.7,627.46,6.40
7957,31,918,29.61,1276.18,41.17
7964,110,460,4.18,547.16,4.97
7969,35,268,7.66,282.10,8.06
7973,25,255,10.2,286.79,11.47
7977,182,677,3.72,1782.49,9.79
7991,25,297,11.88,320.05,12.80
7996,80,623,7.79,765.40,9.57
8011,39,1107,28.38,1512.12,38.77
8022,130,428,3.29,398.33,3.06
8061,9,228,25.33,267.01,29.67
8062,20,414,20.7,488.65,24.43
8065,41,710,17.32,1033.14,25.20
8066,87,608,6.99,691.17,7.94
8069,35,267,7.63,307.68,8.79
8071,137,597,4.36,1433.74,10.47
8074,26,385,14.81,796.07,30.62
8087,38,636,16.74,866.28,22.80
8092,66,581,8.8,617.50,9.36
8099,59,307,5.2,501.40,8.50
8108,106,480,4.53,1173.57,11.07
8115,64,407,6.36,829.38,12.96
8116,21,333,15.86,442.54,21.07
8118,43,636,14.79,779.96,18.14
8119,25,125,5,364.44,14.58
8137,28,184,6.57,178.88,6.39
8142,142,1385,9.75,1972.28,13.89
8145,124,824,6.65,1042.96,8.41
8152,191,1914,10.02,3522.19,18.44
8154,19,604,31.79,775.08,40.79
8165,112,326,2.91,310.60,2.77
8171,50,330,6.6,369.31,7.39
8178,54,534,9.89,882.35,16.34
8179,103,1276,12.39,1152.87,11.19
8181,28,198,7.07,328.48,11.73
8198,19,235,12.37,268.23,14.12
8207,161,830,5.16,881.18,5.47
8217,34,483,14.21,569.04,16.74
8220,78,348,4.46,354.31,4.54
8226,122,668,5.48,1038.32,8.51
8245,89,338,3.8,370.87,4.17
8247,47,853,18.15,820.60,17.46
8248,50,472,9.44,768.07,15.36
8251,44,356,8.09,247.07,5.62
8255,21,440,20.95,502.62,23.93
8257,43,555,12.91,529.06,12.30
8266,66,536,8.12,475.89,7.21
8270,6,87,14.5,118.88,19.81
8275,27,389,14.41,379.87,14.07
8284,261,1935,7.41,3992.30,15.30
8287,92,654,7.11,745.38,8.10
8294,41,1115,27.2,1130.42,27.57
8299,35,448,12.8,478.89,13.68
8305,21,104,4.95,209.72,9.99
8307,17,260,15.29,364.96,21.47
8322,51,482,9.45,778.36,15.26
8325,24,646,26.92,868.67,36.19
8326,7,194,27.71,215.44,30.78
8331,97,1565,16.13,1592.26,16.42
8333,81,875,10.8,815.12,10.06
8335,41,357,8.71,447.60,10.92
8336,79,744,9.42,1053.46,13.33
8338,52,878,16.88,1040.94,20.02
8341,32,182,5.69,220.46,6.89
8360,40,535,13.38,720.34,18.01
8371,81,1185,14.63,2239.66,27.65
8373,51,352,6.9,454.78,8.92
8377,17,224,13.18,262.83,15.46
8380,43,519,12.07,947.58,22.04
8381,141,738,5.23,443.40,3.14
8387,103,810,7.86,860.20,8.35
8388,31,248,8,304.48,9.82
8391,13,500,38.46,556.34,42.80
8392,76,622,8.18,776.69,10.22
8407,58,628,10.83,574.51,9.91
8410,22,343,15.59,315.74,14.35
8417,123,1035,8.41,1766.08,14.36
8427,102,780,7.65,804.89,7.89
8428,61,712,11.67,622.52,10.21
8429,75,471,6.28,789.66,10.53
8434,87,969,11.14,1195.92,13.75
8442,51,503,9.86,1192.70,23.39
8450,33,282,8.55,420.08,12.73
8455,45,251,5.58,412.74,9.17
8456,75,451,6.01,375.39,5.01
8459,26,580,22.31,775.01,29.81
8461,69,720,10.43,1476.38,21.40
8464,84,1736,20.67,2415.03,28.75
8477,28,347,12.39,403.06,14.40
8478,46,503,10.93,594.58,12.93
8485,67,798,11.91,738.76,11.03
8488,49,955,19.49,1745.91,35.63
8504,104,340,3.27,320.07,3.08
8519,29,635,21.9,933.62,32.19
8520,219,371,1.69,660.49,3.02
8523,55,843,15.33,937.43,17.04
8536,47,227,4.83,416.26,8.86
8539,35,507,14.49,744.40,21.27
8540,50,428,8.56,568.44,11.37
8543,52,526,10.12,620.06,11.92
8548,41,1668,40.68,2593.27,63.25
8552,52,1297,24.94,1100.42,21.16
8557,120,986,8.22,2107.98,17.57
8562,123,768,6.24,1228.44,9.99
8563,75,643,8.57,1119.15,14.92
8564,95,724,7.62,958.35,10.09
8567,10,419,41.9,579.73,57.97
8568,46,554,12.04,784.57,17.06
8577,42,219,5.21,309.88,7.38
8584,95,1175,12.37,1541.14,16.22
8586,48,418,8.71,507.29,10.57
8588,49,515,10.51,549.40,11.21
8606,27,304,11.26,355.61,13.17
8607,98,524,5.35,463.81,4.73
8614,37,765,20.68,960.93,25.97
8622,77,676,8.78,654.32,8.50
8623,21,372,17.71,704.68,33.56
8636,85,639,7.52,1020.29,12.00
8639,47,275,5.85,332.89,7.08
8647,39,337,8.64,530.07,13.59
8657,84,668,7.95,606.82,7.22
8660,121,1009,8.34,1367.53,11.30
8662,126,1049,8.33,1471.81,11.68
8668,146,637,4.36,1466.61,10.05
8673,93,636,6.84,616.45,6.63
8677,51,533,10.45,988.89,19.39
8678,98,1321,13.48,1530.32,15.62
8680,55,323,5.87,404.37,7.35
8685,38,390,10.26,665.37,17.51
8688,46,701,15.24,1106.13,24.05
8689,123,1458,11.85,2019.99,16.42
8693,65,1382,21.26,1445.71,22.24
8694,26,591,22.73,852.82,32.80
8701,23,174,7.57,256.46,11.15
8717,85,1464,17.22,1776.72,20.90
8719,61,1291,21.16,1177.63,19.31
8720,63,278,4.41,443.50,7.04
8733,329,946,2.88,1034.17,3.14
8735,79,597,7.56,628.21,7.95
8738,100,847,8.47,1743.63,17.44
8746,39,296,7.59,465.25,11.93
8754,37,299,8.08,319.39,8.63
8756,61,440,7.21,587.50,9.63
8759,37,464,12.54,804.20,21.74
8778,81,924,11.41,1020.85,12.60
8784,26,307,11.81,374.54,14.41
8789,109,989,9.07,1191.74,10.93
8796,54,339,6.28,587.85,10.89
8799,231,1461,6.32,1319.83,5.71
8803,5,42,8.4,61.35,12.27
8812,134,754,5.63,795.28,5.93
8813,93,502,5.4,985.80,10.60
8814,222,1299,5.85,2769.62,12.48
8819,44,219,4.98,688.11,15.64
8833,265,1488,5.62,1843.62,6.96
8836,51,458,8.98,535.01,10.49
8840,231,2409,10.43,2431.70,10.53
8841,40,1228,30.7,1537.90,38.45
8844,87,1001,11.51,872.67,10.03
8847,13,282,21.69,294.99,22.69
8851,119,394,3.31,839.89,7.06
8862,88,1746,19.84,1560.77,17.74
8863,119,951,7.99,894.55,7.52
8876,18,287,15.94,418.29,23.24
8888,44,611,13.89,832.38,18.92
8893,54,790,14.63,1017.45,18.84
8909,36,629,17.47,951.67,26.44
8911,199,1440,7.24,2300.17,11.56
8912,93,2475,26.61,3764.81,40.48
8947,57,551,9.67,534.86,9.38
8953,49,567,11.57,504.85,10.30
8966,94,348,3.7,701.53,7.46
8968,78,504,6.46,638.75,8.19
8972,97,998,10.29,2167.03,22.34
8982,54,356,6.59,362.44,6.71
8987,106,2095,19.76,2920.63,27.55
8994,90,537,5.97,505.19,5.61
8997,56,638,11.39,771.74,13.78
9001,35,379,10.83,531.22,15.18
9011,45,876,19.47,1023.32,22.74
9016,120,670,5.58,528.60,4.41
9023,37,150,4.05,262.87,7.10
9027,49,707,14.43,768.90,15.69
9030,86,541,6.29,751.24,8.74
9042,77,369,4.79,399.33,5.19
9052,191,769,4.03,914.00,4.79
9054,52,575,11.06,663.80,12.77
9057,180,791,4.39,1109.73,6.17
9066,49,248,5.06,224.17,4.57
9067,45,554,12.31,434.56,9.66
9070,49,382,7.8,399.18,8.15
9076,116,1701,14.66,1484.39,12.80
9078,82,979,11.94,1278.89,15.60
9083,99,633,6.39,717.10,7.24
9089,97,723,7.45,621.29,6.41
9090,45,326,7.24,360.85,8.02
9093,60,442,7.37,511.35,8.52
9097,54,878,16.26,1134.69,21.01
9098,132,1214,9.2,1294.39,9.81
9105,6,196,32.67,257.80,42.97
9110,85,597,7.02,487.45,5.73
9112,38,905,23.82,1061.33,27.93
9118,57,702,12.32,822.37,14.43
9122,52,471,9.06,642.77,12.36
9123,31,259,8.35,347.70,11.22
9125,93,522,5.61,1088.90,11.71
9126,93,609,6.55,633.01,6.81
9127,25,307,12.28,415.36,16.61
9128,55,265,4.82,340.00,6.18
9137,50,389,7.78,636.68,12.73
9139,77,510,6.62,579.77,7.53
9146,32,370,11.56,395.07,12.35
9154,82,594,7.24,635.50,7.75
9157,45,302,6.71,292.79,6.51
9158,78,1204,15.44,1360.02,17.44
9164,119,750,6.3,676.42,5.68
9190,94,430,4.57,634.42,6.75
9191,62,85,1.37,305.75,4.93
9206,104,226,2.17,392.84,3.78
9207,84,593,7.06,637.49,7.59
9208,145,551,3.8,516.08,3.56
9209,36,628,17.44,832.74,23.13
9219,38,1611,42.39,2117.22,55.72
9221,114,1027,9.01,932.03,8.18
9225,138,795,5.76,1323.83,9.59
9230,24,76,3.17,73.59,3.07
9232,187,1309,7,1519.12,8.12
9256,148,745,5.03,1010.19,6.83
9258,82,561,6.84,432.44,5.27
9260,58,856,14.76,2314.37,39.90
9261,73,892,12.22,1113.54,15.25
9264,42,1270,30.24,1478.97,35.21
9266,55,265,4.82,420.56,7.65
9269,75,1282,17.09,2380.50,31.74
9270,29,260,8.97,347.20,11.97
9271,55,343,6.24,419.16,7.62
9285,156,1638,10.5,2194.71,14.07
9293,14,189,13.5,209.22,14.94
9295,68,609,8.96,526.35,7.74
9297,41,554,13.51,586.45,14.30
9311,18,395,21.94,705.97,39.22
9320,179,1310,7.32,1293.17,7.22
9326,56,446,7.96,402.15,7.18
9328,95,1015,10.68,1207.54,12.71
9333,82,721,8.79,619.06,7.55
9339,103,1061,10.3,2424.25,23.54
9342,184,1536,8.35,1742.09,9.47
9349,202,1550,7.67,2297.69,11.37
9362,67,378,5.64,459.06,6.85
9369,107,969,9.06,1730.47,16.17
9374,23,288,12.52,372.64,16.20
9378,108,796,7.37,1357.40,12.57
9380,105,620,5.9,982.73,9.36
9382,126,1485,11.79,2250.74,17.86
9383,127,1036,8.16,2268.55,17.86
9392,42,353,8.4,534.23,12.72
9397,70,1778,25.4,1913.28,27.33
9398,69,496,7.19,920.15,13.34
9400,49,511,10.43,707.64,14.44
9406,76,513,6.75,651.50,8.57
9412,69,471,6.83,625.48,9.06
9419,77,358,4.65,430.79,5.59
9420,18,368,20.44,373.40,20.74
9423,70,1525,21.79,1818.45,25.98
9424,55,334,6.07,402.82,7.32
9427,56,972,17.36,1854.66,33.12
9435,57,501,8.79,698.31,12.25
9449,150,595,3.97,1184.28,7.90
9458,39,234,6,306.27,7.85
9465,114,982,8.61,1218.84,10.69
9470,64,269,4.2,519.98,8.12
9471,102,753,7.38,612.52,6.01
9476,33,363,11,465.43,14.10
9484,52,1202,23.12,2107.59,40.53
9487,81,310,3.83,439.04,5.42
9491,133,717,5.39,994.18,7.48
9492,20,248,12.4,444.90,22.25
9499,56,456,8.14,818.21,14.61
9501,112,808,7.21,1244.32,11.11
9502,116,919,7.92,1417.83,12.22
9511,76,828,10.89,1076.70,14.17
9516,101,505,5,437.71,4.33
9521,86,1011,11.76,928.79,10.80
9526,59,667,11.31,780.80,13.23
9527,30,423,14.1,697.08,23.24
9556,132,695,5.27,1363.15,10.33
9564,61,772,12.66,1158.77,19.00
9580,8,55,6.88,93.49,11.69
9584,25,308,12.32,566.06,22.64
9586,75,704,9.39,709.25,9.46
9587,86,765,8.9,2683.55,31.20
9588,74,769,10.39,608.84,8.23
9592,87,1131,13,1259.41,14.48
9593,91,521,5.73,713.45,7.84
9600,99,851,8.6,1052.42,10.63
9602,60,509,8.48,485.44,8.09
9604,140,1405,10.04,1908.45,13.63
9606,72,514,7.14,540.93,7.51
9608,123,776,6.31,993.54,8.08
9611,143,2046,14.31,2597.04,18.16
9622,4,35,8.75,66.41,16.60
9624,127,1145,9.02,1911.53,15.05
9625,10,136,13.6,367.32,36.73
9634,77,267,3.47,401.44,5.21
9643,24,45,1.88,333.64,13.90
9647,50,243,4.86,352.21,7.04
9655,104,922,8.87,1329.29,12.78
9656,84,472,5.62,629.64,7.50
9667,39,204,5.23,644.02,16.51
9675,296,1080,3.65,1460.41,4.93
9679,138,835,6.05,1136.50,8.24
9682,95,423,4.45,1007.78,10.61
9699,210,1564,7.45,2451.47,11.67
9703,64,375,5.86,983.12,15.36
9706,76,427,5.62,1042.14,13.71
9715,90,423,4.7,1323.98,14.71
9718,83,362,4.36,974.29,11.74
9727,39,259,6.64,236.59,6.07
9728,71,921,12.97,1317.11,18.55
9729,90,960,10.67,2419.42,26.88
9730,51,240,4.71,618.38,12.13
9735,132,670,5.08,698.97,5.30
9740,28,96,3.43,152.34,5.44
9748,21,302,14.38,532.96,25.38
9750,86,637,7.41,750.66,8.73
9751,21,303,14.43,694.18,33.06
9756,80,724,9.05,671.22,8.39
9757,354,2422,6.84,2409.72,6.81
9760,30,352,11.73,460.13,15.34
9762,72,314,4.36,383.51,5.33
9767,75,719,9.59,1692.87,22.57
9778,77,1466,19.04,1754.97,22.79
9784,105,405,3.86,716.13,6.82
9802,98,714,7.29,1747.23,17.83
9807,43,378,8.79,646.26,15.03
9808,35,960,27.43,881.87,25.20
9814,77,633,8.22,708.56,9.20
9819,69,982,14.23,1208.01,17.51
9825,94,926,9.85,1394.82,14.84
9836,27,153,5.67,160.05,5.93
9847,25,453,18.12,472.47,18.90
9853,101,580,5.74,478.47,4.74
9855,23,586,25.48,627.38,27.28
9856,63,558,8.86,480.03,7.62
9863,38,373,9.82,367.10,9.66
9868,96,826,8.6,897.66,9.35
9879,120,899,7.49,1505.99,12.55
9886,90,742,8.24,793.39,8.82
9902,64,783,12.23,781.74,12.21
9903,44,797,18.11,1025.47,23.31
9904,20,778,38.9,767.41,38.37
9918,144,752,5.22,1555.32,10.80
9927,247,979,3.96,1269.06,5.14
9941,131,745,5.69,1430.57,10.92
9946,32,823,25.72,1236.09,38.63
9948,94,527,5.61,597.99,6.36
9949,81,857,10.58,1005.85,12.42
9953,51,1006,19.73,1009.88,19.80
9966,78,260,3.33,770.67,9.88
9968,144,986,6.85,2468.46,17.14
9974,140,528,3.77,1041.27,7.44
9975,268,1380,5.15,1474.29,5.50
9977,62,541,8.73,966.41,15.59
9983,11,163,14.82,194.73,17.70
9985,64,484,7.56,647.15,10.11
10000,161,1746,10.84,1511.49,9.39
10008,93,599,6.44,1073.48,11.54
10013,111,729,6.57,892.16,8.04
10015,50,263,5.26,748.73,14.97
10022,231,1911,8.27,2602.79,11.27
10023,102,712,6.98,1110.96,10.89
10030,45,795,17.67,1216.85,27.04
10041,12,250,20.83,378.72,31.56
10072,21,163,7.76,425.52,20.26
10086,43,283,6.58,286.69,6.67
10087,84,920,10.95,1486.08,17.69
10093,67,916,13.67,1047.19,15.63
10094,62,546,8.81,511.30,8.25
10098,82,584,7.12,925.02,11.28
10107,46,718,15.61,702.47,15.27
10108,155,959,6.19,1359.91,8.77
10113,53,617,11.64,863.77,16.30
10114,40,305,7.63,485.51,12.14
10126,80,1378,17.23,1474.10,18.43
10127,20,507,25.35,607.93,30.40
10129,36,527,14.64,568.76,15.80
10133,35,407,11.63,419.32,11.98
10137,84,605,7.2,753.95,8.98
10146,16,161,10.06,231.05,14.44
10153,46,682,14.83,662.77,14.41
10155,69,588,8.52,1043.62,15.12
10159,47,399,8.49,497.41,10.58
10163,36,506,14.06,653.57,18.15
10165,206,875,4.25,1404.10,6.82
10168,98,639,6.52,879.74,8.98
10172,148,623,4.21,862.83,5.83
10174,70,600,8.57,713.32,10.19
10176,36,1879,52.19,2213.22,61.48
10184,103,617,5.99,678.99,6.59
10188,55,700,12.73,857.30,15.59
10189,48,404,8.42,449.01,9.35
10197,121,377,3.12,364.12,3.01
10222,99,961,9.71,1548.47,15.64
10223,150,1267,8.45,2460.99,16.41
10232,11,155,14.09,209.32,19.03
10234,113,932,8.25,1195.47,10.58
10242,60,442,7.37,600.38,10.01
10248,180,2878,15.99,3789.25,21.05
10252,64,404,6.31,1308.29,20.44
10256,92,878,9.54,1648.82,17.92
10260,143,852,5.96,629.97,4.41
10261,85,721,8.48,1301.72,15.31
10263,66,767,11.62,953.12,14.44
10271,179,745,4.16,1090.37,6.09
10275,25,527,21.08,673.19,26.93
10278,29,358,12.34,849.04,29.28
10283,80,530,6.63,859.48,10.74
10293,107,936,8.75,1276.94,11.93
10310,36,523,14.53,506.62,14.07
10318,53,738,13.92,699.91,13.21
10320,82,701,8.55,775.32,9.46
10328,82,812,9.9,829.74,10.12
10329,74,776,10.49,1108.70,14.98
10330,17,295,17.35,404.46,23.79
10341,27,231,8.56,227.12,8.41
10342,175,1477,8.44,1951.91,11.15
10346,54,343,6.35,617.89,11.44
10352,27,525,19.44,585.37,21.68
10355,111,608,5.48,897.44,8.09
10357,66,1563,23.68,1842.45,27.92
10360,46,426,9.26,365.53,7.95
10363,104,708,6.81,926.17,8.91
10365,55,726,13.2,815.50,14.83
10367,163,947,5.81,937.78,5.75
10375,61,436,7.15,576.36,9.45
10382,62,491,7.92,476.76,7.69
10386,84,668,7.95,931.55,11.09
10390,90,639,7.1,695.43,7.73
10392,45,444,9.87,543.32,12.07
10396,87,745,8.56,1183.55,13.60
10401,44,463,10.52,507.74,11.54
10408,67,500,7.46,487.57,7.28
10410,63,1044,16.57,1359.05,21.57
10419,33,93,2.82,109.87,3.33
10421,202,1033,5.11,2764.74,13.69
10425,54,326,6.04,322.14,5.97
10426,48,599,12.48,823.64,17.16
10427,40,924,23.1,1079.55,26.99
10431,30,371,12.37,396.17,13.21
10433,25,512,20.48,683.60,27.34
10438,57,293,5.14,518.35,9.09
10443,98,1160,11.84,811.44,8.28
10447,76,739,9.72,937.46,12.34
10450,28,279,9.96,290.44,10.37
10451,123,980,7.97,1078.75,8.77
10476,115,1126,9.79,1571.13,13.66
10481,78,893,11.45,1243.82,15.95
10483,16,585,36.56,874.02,54.63
10495,59,379,6.42,443.85,7.52
10505,15,156,10.4,135.19,9.01
10509,52,822,15.81,918.66,17.67
10510,35,423,12.09,523.08,14.95
10512,76,563,7.41,904.08,11.90
10514,165,713,4.32,711.65,4.31
10518,127,765,6.02,1089.40,8.58
10519,47,453,9.64,614.57,13.08
10528,140,1382,9.87,1436.42,10.26
10537,152,1343,8.84,1798.71,11.83
10538,48,307,6.4,485.20,10.11
10540,50,300,6,388.87,7.78
10543,119,882,7.41,1422.73,11.96
10544,50,927,18.54,1175.05,23.50
10549,114,928,8.14,1536.12,13.47
10551,87,410,4.71,521.36,5.99
10554,47,628,13.36,781.59,16.63
10557,32,218,6.81,304.97,9.53
10558,264,2131,8.07,1855.89,7.03
10564,50,503,10.06,466.97,9.34
10570,87,1916,22.02,1702.29,19.57
10572,50,432,8.64,548.84,10.98
10587,28,442,15.79,527.56,18.84
10590,101,716,7.09,989.78,9.80
10591,121,746,6.17,947.70,7.83
10594,108,889,8.23,885.61,8.20
10599,50,1067,21.34,1089.34,21.79
10605,61,721,11.82,830.56,13.62
10613,68,352,5.18,438.14,6.44
10619,46,186,4.04,204.68,4.45
10628,63,741,11.76,928.68,14.74
10635,53,397,7.49,709.87,13.39
10643,17,485,28.53,591.49,34.79
10657,84,741,8.82,1626.55,19.36
10660,56,269,4.8,378.17,6.75
10662,65,703,10.82,639.86,9.84
10669,38,387,10.18,679.59,17.88
10673,190,904,4.76,1668.34,8.78
10683,32,801,25.03,907.56,28.36
10689,82,470,5.73,1011.12,12.33
10693,88,476,5.41,962.55,10.94
10697,48,951,19.81,990.47,20.63
10700,11,162,14.73,189.72,17.25
10701,115,2081,18.1,2506.35,21.79
10703,48,506,10.54,560.14,11.67
10706,122,1376,11.28,1425.28,11.68
10707,57,689,12.09,850.98,14.93
10710,49,372,7.59,368.70,7.52
10714,87,763,8.77,1117.44,12.84
10725,62,715,11.53,1032.22,16.65
10728,96,754,7.85,714.38,7.44
10732,43,856,19.91,1041.28,24.22
10740,120,1066,8.88,1460.31,12.17
10743,161,1189,7.39,1925.83,11.96
10744,72,293,4.07,900.59,12.51
10753,35,425,12.14,542.48,15.50
10761,139,1231,8.86,1191.06,8.57
10765,109,1204,11.05,1163.49,10.67
10767,27,275,10.19,538.06,19.93
10781,101,682,6.75,1303.38,12.90
10786,71,792,11.15,1303.65,18.36
10802,107,598,5.59,1441.96,13.48
10805,20,289,14.45,353.04,17.65
10807,125,1798,14.38,1594.02,12.75
10809,35,460,13.14,469.80,13.42
10814,215,1290,6,1426.32,6.63
10816,41,709,17.29,722.27,17.62
10818,65,1049,16.14,1299.66,19.99
10822,71,669,9.42,849.23,11.96
10827,186,1184,6.37,1571.71,8.45
10840,29,668,23.03,755.64,26.06
10847,106,593,5.59,657.74,6.21
10856,93,346,3.72,731.08,7.86
10862,56,405,7.23,444.70,7.94
10869,49,1280,26.12,1803.61,36.81
10873,96,857,8.93,1758.91,18.32
10880,125,629,5.03,1050.00,8.40
10885,86,385,4.48,601.83,7.00
10891,65,468,7.2,614.56,9.45
10896,129,594,4.6,871.27,6.75
10901,44,226,5.14,209.74,4.77
10904,17,439,25.82,695.60,40.92
10908,136,3460,25.44,3843.57,28.26
10911,33,831,25.18,998.06,30.24
10914,27,625,23.15,945.94,35.03
10918,21,424,20.19,508.55,24.22
10925,86,1574,18.3,1459.20,16.97
10928,46,308,6.7,347.77,7.56
10931,75,544,7.25,586.20,7.82
10945,92,985,10.71,1019.16,11.08
10950,61,848,13.9,924.19,15.15
10958,122,859,7.04,1589.25,13.03
10963,49,365,7.45,346.85,7.08
10965,75,1085,14.47,2015.60,26.87
10967,42,1049,24.98,1404.14,33.43
10975,51,423,8.29,631.92,12.39
10979,101,629,6.23,805.55,7.98
10981,48,714,14.88,923.25,19.23
10985,28,393,14.04,457.77,16.35
10992,101,909,9,1069.90,10.59
10999,108,618,5.72,948.17,8.78
11002,49,296,6.04,413.34,8.44
11008,128,714,5.58,1032.85,8.07
11026,197,1468,7.45,1154.35,5.86
11037,126,1263,10.02,1812.83,14.39
11038,153,1494,9.76,1739.10,11.37
11054,36,560,15.56,594.34,16.51
11057,20,267,13.35,608.72,30.44
11059,50,352,7.04,452.75,9.06
11061,18,318,17.67,381.29,21.18
11066,57,637,11.18,873.88,15.33
11068,60,526,8.77,947.74,15.80
11069,63,470,7.46,903.99,14.35
11071,104,1389,13.36,2135.45,20.53
11078,41,623,15.2,714.11,17.42
11080,70,564,8.06,581.62,8.31
11087,110,620,5.64,726.31,6.60
11090,72,846,11.75,1083.52,15.05
11103,23,1389,60.39,1670.40,72.63
11104,137,825,6.02,1423.26,10.39
11106,213,2592,12.17,3948.49,18.54
11108,99,581,5.87,1530.29,15.46
11112,72,549,7.63,612.54,8.51
11114,48,1806,37.63,2272.90,47.35
11127,81,2196,27.11,2590.29,31.98
11140,122,742,6.08,914.08,7.49
11143,94,398,4.23,793.77,8.44
11151,78,696,8.92,746.09,9.57
11156,25,313,12.52,433.95,17.36
11157,103,911,8.84,758.29,7.36
11159,91,623,6.85,573.22,6.30
11163,367,1546,4.21,3050.78,8.31
11164,59,1319,22.36,1636.50,27.74
11174,52,833,16.02,1293.07,24.87
11180,29,389,13.41,579.90,20.00
11182,42,1181,28.12,1142.53,27.20
11187,25,619,24.76,731.91,29.28
11190,41,754,18.39,802.29,19.57
11191,51,720,14.12,989.08,19.39
11194,88,1708,19.41,1906.69,21.67
11195,146,1132,7.75,2035.40,13.94
11197,37,1077,29.11,1458.64,39.42
11204,77,701,9.1,1081.48,14.05
11208,138,1061,7.69,790.45,5.73
11211,76,357,4.7,1074.74,14.14
11221,37,204,5.51,240.85,6.51
11229,64,727,11.36,886.56,13.85
11233,161,2006,12.46,2796.35,17.37
11242,54,855,15.83,1244.14,23.04
11246,105,1069,10.18,1397.12,13.31
11247,55,494,8.98,634.18,11.53
11249,167,978,5.86,1416.04,8.48
11259,104,612,5.88,575.15,5.53
11260,33,168,5.09,200.91,6.09
11265,58,790,13.62,886.35,15.28
11268,127,613,4.83,853.28,6.72
11280,143,1220,8.53,1460.16,10.21
11284,76,687,9.04,944.67,12.43
11285,211,2266,10.74,2331.82,11.05
11286,88,509,5.78,757.95,8.61
11288,52,1012,19.46,1179.40,22.68
11291,87,730,8.39,906.67,10.42
11297,96,1228,12.79,1846.00,19.23
11298,43,448,10.42,429.59,9.99
11315,80,595,7.44,711.27,8.89
11322,177,1351,7.63,1978.46,11.18
11323,78,1156,14.82,1301.16,16.68
11324,118,520,4.41,478.09,4.05
11330,107,376,3.51,746.41,6.98
11334,30,1013,33.77,822.47,27.42
11339,112,1263,11.28,1349.56,12.05
11343,48,281,5.85,415.74,8.66
11346,135,2873,21.28,3200.49,23.71
11347,37,412,11.14,540.97,14.62
11348,104,1316,12.65,1830.73,17.60
11349,65,619,9.52,984.66,15.15
11350,34,305,8.97,539.15,15.86
11353,69,507,7.35,1060.47,15.37
11355,151,786,5.21,921.90,6.11
11357,30,268,8.93,332.91,11.10
11362,100,781,7.81,906.54,9.07
11365,140,899,6.42,2073.45,14.81
11368,130,553,4.25,603.55,4.64
11379,140,934,6.67,748.61,5.35
11381,179,2124,11.87,2602.11,14.54
11387,64,545,8.52,697.76,10.90
11394,54,542,10.04,593.74,11.00
11400,67,506,7.55,542.56,8.10
11401,146,1865,12.77,1878.08,12.86
11408,52,452,8.69,569.09,10.94
11420,41,264,6.44,344.72,8.41
11423,150,1570,10.47,1875.84,12.51
11430,228,1878,8.24,2511.24,11.01
11433,164,849,5.18,1621.31,9.89
11441,52,725,13.94,885.02,17.02
11454,40,1157,28.93,1854.65,46.37
11456,374,2080,5.56,2869.27,7.67
11461,58,499,8.6,626.96,10.81
11466,83,1190,14.34,2076.05,25.01
11473,42,284,6.76,376.20,8.96
11475,198,2363,11.93,4446.80,22.46
11476,120,1143,9.53,1469.70,12.25
11481,32,522,16.31,550.12,17.19
11500,113,960,8.5,1909.51,16.90
11508,54,145,2.69,722.50,13.38
11509,27,229,8.48,340.92,12.63
11510,61,1716,28.13,2181.41,35.76
11511,82,1658,20.22,1654.48,20.18
11520,43,494,11.49,752.37,17.50
11524,52,582,11.19,926.40,17.82
11526,94,999,10.63,1034.78,11.01
11528,208,1396,6.71,2108.16,10.14
11530,115,2089,18.17,3057.17,26.58
11555,82,653,7.96,767.01,9.35
11559,13,244,18.77,336.13,25.86
11560,46,789,17.15,713.41,15.51
11563,71,454,6.39,898.08,12.65
11565,28,40,1.43,156.61,5.59
11567,11,312,28.36,504.75,45.89
11572,9,217,24.11,304.30,33.81
11579,42,1145,27.26,1726.49,41.11
11585,128,1487,11.62,2114.60,16.52
11592,118,861,7.3,1793.09,15.20
11596,30,372,12.4,520.67,17.36
11607,19,726,38.21,895.64,47.14
11609,81,591,7.3,690.87,8.53
11610,60,271,4.52,279.86,4.66
11613,84,1244,14.81,1876.67,22.34
11614,62,747,12.05,975.78,15.74
11615,32,338,10.56,470.13,14.69
11620,144,890,6.18,999.17,6.94
11633,34,418,12.29,592.76,17.43
11634,54,623,11.54,698.54,12.94
11640,80,528,6.6,1392.85,17.41
11641,132,1274,9.65,1296.18,9.82
11644,54,478,8.85,591.68,10.96
11649,18,543,30.17,810.44,45.02
11650,193,703,3.64,944.86,4.90
11651,107,539,5.04,1331.31,12.44
11657,49,894,18.24,755.43,15.42
11658,35,479,13.69,438.00,12.51
11662,126,1288,10.22,1663.78,13.20
11666,68,446,6.56,606.16,8.91
11669,90,1538,17.09,1558.16,17.31
11672,50,475,9.5,572.67,11.45
11675,81,2000,24.69,2871.29,35.45
11676,47,821,17.47,1116.30,23.75
11679,72,537,7.46,561.84,7.80
11682,39,590,15.13,669.24,17.16
11695,87,815,9.37,691.78,7.95
11701,9,125,13.89,253.93,28.21
11706,59,431,7.31,639.24,10.83
11710,36,390,10.83,377.66,10.49
11724,38,481,12.66,583.97,15.37
11728,34,642,18.88,851.67,25.05
11737,183,1994,10.9,1723.03,9.42
11753,28,102,3.64,406.99,14.54
11761,75,566,7.55,315.92,4.21
11769,28,138,4.93,205.67,7.35
11770,14,78,5.57,246.22,17.59
11771,77,507,6.58,703.58,9.14
11777,5,6,1.2,7.28,1.46
11784,82,115,1.4,826.07,10.07
11790,11,16,1.45,18.36,1.67
11791,58,337,5.81,725.16,12.50
11796,45,365,8.11,371.62,8.26
11798,42,740,17.62,473.99,11.29
11801,49,364,7.43,447.76,9.14
11803,9,68,7.56,140.55,15.62
11808,18,158,8.78,94.19,5.23
11816,4,29,7.25,71.45,17.86
11825,16,68,4.25,52.59,3.29
11830,65,156,2.4,330.21,5.08
11834,2,27,13.5,55.02,27.51
11835,38,168,4.42,567.73,14.94
11843,100,276,2.76,255.63,2.56
11844,19,33,1.74,77.63,4.09
11845,68,122,1.79,762.50,11.21
11846,14,95,6.79,119.31,8.52
11861,21,75,3.57,118.44,5.64
11868,5,55,11,66.92,13.38
11878,37,129,3.49,347.77,9.40
11885,266,485,1.82,883.65,3.32
11886,38,171,4.5,448.15,11.79
11889,61,433,7.1,420.25,6.89
11894,10,31,3.1,90.46,9.05
11895,20,181,9.05,186.22,9.31
11896,57,240,4.21,1028.34,18.04
11905,35,236,6.74,232.58,6.65
11911,83,345,4.16,546.41,6.58
11919,44,322,7.32,354.34,8.05
11926,6,66,11,72.14,12.02
11927,35,205,5.86,248.05,7.09
11936,55,161,2.93,352.19,6.40
11937,57,223,3.91,404.05,7.09
11943,9,94,10.44,94.36,10.48
11951,110,309,2.81,325.83,2.96
11954,16,71,4.44,82.99,5.19
11956,13,72,5.54,84.27,6.48
11957,37,254,6.86,456.35,12.33
11960,56,266,4.75,253.14,4.52
11967,39,260,6.67,294.23,7.54
11971,33,236,7.15,383.60,11.62
11974,35,137,3.91,447.25,12.78
11981,56,309,5.52,691.95,12.36
11988,14,150,10.71,150.03,10.72
11990,42,244,5.81,496.33,11.82
12000,13,172,13.23,184.05,14.16
12008,95,784,8.25,825.27,8.69
12014,78,404,5.18,467.31,5.99
12016,102,696,6.82,949.31,9.31
12019,35,331,9.46,514.31,14.69
12020,55,476,8.65,553.04,10.06
12027,45,494,10.98,542.51,12.06
12031,26,353,13.58,451.03,17.35
12038,46,904,19.65,1045.50,22.73
12043,249,908,3.65,1718.05,6.90
12047,65,533,8.2,539.85,8.31
12055,20,793,39.65,1148.80,57.44
12058,35,594,16.97,525.13,15.00
12075,14,126,9,140.42,10.03
12076,29,261,9,394.91,13.62
12077,82,613,7.48,862.85,10.52
12084,19,263,13.84,357.22,18.80
12091,44,186,4.23,263.80,6.00
12095,19,222,11.68,283.11,14.90
12097,90,929,10.32,1338.81,14.88
12103,33,397,12.03,744.38,22.56
12110,35,379,10.83,501.81,14.34
12114,45,282,6.27,330.44,7.34
12120,80,462,5.78,425.09,5.31
12128,24,261,10.88,317.95,13.25
12130,129,1309,10.15,1603.14,12.43
12135,41,458,11.17,512.57,12.50
12137,26,216,8.31,288.76,11.11
12139,85,752,8.85,725.94,8.54
12147,21,429,20.43,467.75,22.27
12149,32,236,7.38,403.68,12.62
12153,14,131,9.36,126.42,9.03
12156,129,417,3.23,750.29,5.82
12158,50,144,2.88,422.06,8.44
12159,31,151,4.87,419.68,13.54
12170,163,825,5.06,964.47,5.92
12171,63,554,8.79,684.87,10.87
12182,52,438,8.42,406.72,7.82
12183,95,618,6.51,713.90,7.51
12188,43,557,12.95,677.80,15.76
12189,74,1222,16.51,1536.30,20.76
12195,35,179,5.11,650.72,18.59
12198,7,59,8.43,68.60,9.80
12201,2,51,25.5,70.16,35.08
12202,31,186,6,422.38,13.63
12212,107,449,4.2,474.61,4.44
12215,50,287,5.74,342.67,6.85
12218,85,817,9.61,768.51,9.04
12221,48,701,14.6,1196.73,24.93
12227,60,591,9.85,724.39,12.07
12230,95,1066,11.22,1636.50,17.23
12234,7,100,14.29,90.61,12.94
12237,106,353,3.33,346.04,3.26
12245,20,157,7.85,207.67,10.38
12264,14,386,27.57,410.87,29.35
12266,20,126,6.3,157.94,7.90
12269,54,758,14.04,896.70,16.61
12271,28,854,30.5,1095.57,39.13
12276,197,1169,5.93,1775.63,9.01
12277,18,466,25.89,627.75,34.88
12286,60,171,2.85,414.43,6.91
12310,45,459,10.2,515.20,11.45
12323,45,413,9.18,666.31,14.81
12329,239,698,2.92,1035.00,4.33
12331,59,329,5.58,618.93,10.49
12338,26,448,17.23,534.17,20.55
12339,66,407,6.17,445.25,6.75
12344,36,617,17.14,725.77,20.16
12345,7,112,16,115.10,16.44
12346,21,632,30.1,997.04,47.48
12356,8,65,8.13,87.00,10.88
12357,39,1525,39.1,1583.09,40.59
12360,37,417,11.27,429.56,11.61
12361,46,261,5.67,339.21,7.37
12363,63,201,3.19,269.00,4.27
12372,70,664,9.49,696.42,9.95
12379,24,539,22.46,609.36,25.39
12391,81,302,3.73,504.16,6.22
12393,41,806,19.66,959.59,23.40
12394,23,265,11.52,338.46,14.72
12398,28,424,15.14,455.70,16.28
12401,42,526,12.52,558.16,13.29
12409,42,262,6.24,258.24,6.15
12412,34,432,12.71,495.06,14.56
12419,80,389,4.86,376.53,4.71
12422,27,285,10.56,557.30,20.64
12432,75,497,6.63,1000.86,13.34
12434,86,647,7.52,731.09,8.50
12437,15,388,25.87,523.10,34.87
12440,28,323,11.54,359.26,12.83
12443,35,300,8.57,401.40,11.47
12450,83,389,4.69,573.15,6.91
12452,39,615,15.77,759.27,19.47
12453,38,185,4.87,329.53,8.67
12467,25,54,2.16,80.58,3.22
12473,10,313,31.3,418.61,41.86
12474,30,192,6.4,241.89,8.06
12476,40,525,13.13,616.57,15.41
12480,9,463,51.44,558.20,62.02
12482,44,291,6.61,414.47,9.42
12483,12,263,21.92,285.57,23.80
12485,26,216,8.31,533.74,20.53
12489,149,696,4.67,713.64,4.79
12490,17,149,8.76,190.77,11.22
12508,46,399,8.67,322.98,7.02
12510,26,241,9.27,342.82,13.19
12511,57,197,3.46,397.94,6.98
12517,47,430,9.15,505.22,10.75
12520,77,549,7.13,312.17,4.05
12522,23,322,14,446.11,19.40
12523,50,546,10.92,943.12,18.86
12530,14,705,50.36,928.01,66.29
12537,57,562,9.86,609.98,10.70
12538,27,177,6.56,193.48,7.17
12541,82,851,10.38,800.43,9.76
12545,146,827,5.66,1558.85,10.68
12548,19,276,14.53,634.35,33.39
12550,26,416,16,459.48,17.67
12557,67,1076,16.06,1852.91,27.66
12562,7,109,15.57,183.27,26.18
12563,18,211,11.72,251.01,13.95
12569,38,826,21.74,1429.72,37.62
12570,20,378,18.9,701.70,35.09
12573,12,303,25.25,315.77,26.31
12574,80,335,4.19,777.49,9.72
12576,43,314,7.3,248.98,5.79
12596,34,346,10.18,404.90,11.91
12598,56,548,9.79,620.03,11.07
12606,71,466,6.56,623.55,8.78
12611,94,480,5.11,512.60,5.45
12613,57,230,4.04,346.90,6.09
12616,43,572,13.3,446.74,10.39
12618,22,292,13.27,839.88,38.18
12628,57,555,9.74,819.58,14.38
12635,34,469,13.79,770.97,22.68
12640,28,395,14.11,354.48,12.66
12641,56,743,13.27,1007.27,17.99
12644,26,339,13.04,339.94,13.07
12647,72,714,9.92,684.57,9.51
12650,8,106,13.25,129.82,16.23
12657,9,358,39.78,439.40,48.82
12668,56,1336,23.86,1310.12,23.40
12675,13,224,17.23,206.65,15.90
12682,41,283,6.9,753.60,18.38
12687,132,1112,8.42,1218.95,9.23
12693,107,380,3.55,655.87,6.13
12703,57,414,7.26,762.04,13.37
12705,21,905,43.1,1078.31,51.35
12707,21,188,8.95,271.63,12.93
12711,50,253,5.06,390.50,7.81
12719,27,1010,37.41,1120.64,41.51
12721,13,90,6.92,162.69,12.51
12731,45,259,5.76,375.70,8.35
12733,56,598,10.68,550.72,9.83
12735,72,494,6.86,452.87,6.29
12738,59,442,7.49,573.47,9.72
12739,51,236,4.63,418.04,8.20
12744,44,1414,32.14,1397.35,31.76
12746,80,429,5.36,463.96,5.80
12753,56,333,5.95,638.39,11.40
12766,56,362,6.46,387.99,6.93
12771,87,315,3.62,335.36,3.85
12778,24,360,15,435.38,18.14
12792,37,445,12.03,512.10,13.84
12796,12,1006,83.83,1831.46,152.62
12798,13,300,23.08,252.79,19.45
12800,53,738,13.92,975.56,18.41
12816,37,469,12.68,647.56,17.50
12825,30,236,7.87,260.97,8.70
12828,98,579,5.91,525.82,5.37
12829,54,331,6.13,389.22,7.21
12831,25,411,16.44,368.67,14.75
12834,31,256,8.26,1520.59,49.05
12838,38,464,12.21,763.13,20.08
12844,49,315,6.43,415.59,8.48
12846,71,693,9.76,755.16,10.64
12847,10,90,9,96.75,9.68
12852,18,189,10.5,173.93,9.66
12855,28,780,27.86,862.26,30.80
12861,26,847,32.58,808.05,31.08
12862,5,212,42.4,233.39,46.68
12863,8,189,23.63,268.23,33.53
12865,30,452,15.07,732.67,24.42
12872,12,121,10.08,122.16,10.18
12874,21,454,21.62,569.38,27.11
12875,20,146,7.3,249.86,12.49
12883,7,168,24,195.46,27.92
12886,45,587,13.04,652.69,14.50
12889,10,93,9.3,281.26,28.13
12901,72,402,5.58,484.72,6.73
12915,24,465,19.38,558.10,23.25
12917,59,254,4.31,518.08,8.78
12920,17,258,15.18,251.80,14.81
12922,23,221,9.61,343.15,14.92
12925,30,683,22.77,806.35,26.88
12930,122,546,4.48,641.05,5.25
12934,38,172,4.53,252.59,6.65
12935,35,409,11.69,498.16,14.23
12945,28,313,11.18,352.41,12.59
12946,73,746,10.22,1145.10,15.69
12950,7,126,18,146.27,20.90
12964,7,204,29.14,226.84,32.41
12968,50,240,4.8,521.76,10.44
12969,7,111,15.86,200.65,28.66
12973,45,359,7.98,814.10,18.09
12978,35,360,10.29,907.16,25.92
12981,86,406,4.72,1029.29,11.97
12993,42,597,14.21,557.86,13.28
13002,78,260,3.33,309.81,3.97
13006,26,419,16.12,828.42,31.86
13017,1,34,34,63.75,63.75
13029,70,388,5.54,814.88,11.64
13031,22,264,12,465.90,21.18
13034,24,363,15.13,563.65,23.49
13038,8,122,15.25,166.83,20.85
13041,90,663,7.37,684.28,7.60
13047,50,305,6.1,291.87,5.84
13048,14,138,9.86,154.60,11.04
13056,72,214,2.97,752.16,10.45
13057,145,570,3.93,735.37,5.07
13060,98,733,7.48,775.43,7.91
13069,7,45,6.43,186.76,26.68
13072,53,450,8.49,641.32,12.10
13086,49,556,11.35,700.93,14.30
13090,54,710,13.15,875.39,16.21
13095,47,628,13.36,655.90,13.96
13099,21,110,5.24,138.29,6.59
13101,80,232,2.9,403.56,5.04
13109,28,921,32.89,1072.74,38.31
13111,17,256,15.06,415.13,24.42
13118,127,779,6.13,886.60,6.98
13122,41,787,19.2,814.74,19.87
13131,72,837,11.63,1011.82,14.05
13138,26,203,7.81,359.07,13.81
13143,83,605,7.29,492.18,5.93
13147,62,374,6.03,552.80,8.92
13148,126,654,5.19,809.69,6.43
13161,23,145,6.3,478.75,20.82
13165,81,774,9.56,1005.30,12.41
13166,54,835,15.46,924.89,17.13
13169,39,179,4.59,234.18,6.00
13181,45,131,2.91,558.32,12.41
13182,42,256,6.1,272.47,6.49
13188,18,477,26.5,671.14,37.29
13189,27,790,29.26,739.38,27.38
13201,95,362,3.81,792.69,8.34
13205,128,471,3.68,756.64,5.91
13206,137,738,5.39,656.31,4.79
13210,9,274,30.44,417.82,46.42
13211,58,585,10.09,722.22,12.45
13218,24,709,29.54,786.92,32.79
13227,17,247,14.53,414.08,24.36
13238,38,632,16.63,1016.46,26.75
13250,57,232,4.07,246.31,4.32
13253,5,148,29.6,208.42,41.68
13254,4,52,13,57.27,14.32
13266,33,938,28.42,1099.13,33.31
13268,33,479,14.52,517.75,15.69
13270,77,534,6.94,527.65,6.85
13274,22,144,6.55,167.84,7.63
13275,29,280,9.66,350.80,12.10
13277,25,340,13.6,768.22,30.73
13281,10,204,20.4,243.59,24.36
13301,28,513,18.32,531.11,18.97
13307,42,373,8.88,547.13,13.03
13316,80,446,5.58,503.62,6.30
13323,10,375,37.5,539.71,53.97
13334,106,1016,9.58,1831.24,17.28
13339,32,912,28.5,1079.88,33.75
13340,8,443,55.38,453.38,56.67
13366,37,652,17.62,773.80,20.91
13367,34,233,6.85,368.53,10.84
13368,39,365,9.36,398.76,10.22
13370,9,162,18,202.31,22.48
13374,93,365,3.92,472.40,5.08
13376,66,310,4.7,494.28,7.49
13378,110,500,4.55,472.06,4.29
13380,15,206,13.73,262.89,17.53
13391,66,916,13.88,872.77,13.22
13394,59,532,9.02,569.49,9.65
13397,27,621,23,922.20,34.16
13405,29,105,3.62,265.18,9.14
13409,50,1278,25.56,1888.64,37.77
13412,129,634,4.91,932.08,7.23
13419,14,176,12.57,176.82,12.63
13420,37,532,14.38,596.99,16.13
13427,26,444,17.08,509.91,19.61
13429,112,538,4.8,530.95,4.74
13431,170,1066,6.27,1061.25,6.24
13432,42,242,5.76,236.46,5.63
13441,72,615,8.54,1152.18,16.00
13449,14,133,9.5,189.09,13.51
13454,45,413,9.18,738.58,16.41
13456,24,877,36.54,899.63,37.48
13468,15,176,11.73,220.29,14.69
13470,52,568,10.92,635.90,12.23
13476,19,187,9.84,170.56,8.98
13502,10,228,22.8,405.73,40.57
13504,131,904,6.9,1267.86,9.68
13508,26,918,35.31,905.22,34.82
13517,28,396,14.14,461.39,16.48
13531,20,83,4.15,258.53,12.93
13535,17,74,4.35,183.91,10.82
13536,25,279,11.16,413.01,16.52
13537,40,580,14.5,496.64,12.42
13545,10,40,4,39.68,3.97
13550,46,274,5.96,528.72,11.49
13551,10,68,6.8,103.24,10.32
13564,24,165,6.88,233.66,9.74
13572,129,1011,7.84,1294.00,10.03
13580,83,487,5.87,614.94,7.41
13588,33,325,9.85,325.68,9.87
13600,30,309,10.3,380.52,12.68
13601,74,649,8.77,1333.94,18.03
13605,20,148,7.4,329.74,16.49
13606,82,228,2.78,599.77,7.31
13607,96,433,4.51,618.34,6.44
13618,31,955,30.81,1188.90,38.35
13634,116,853,7.35,1262.48,10.88
13637,65,466,7.17,563.07,8.66
13639,136,1673,12.3,1912.55,14.06
13655,26,1051,40.42,1092.24,42.01
13659,39,233,5.97,305.90,7.84
13667,20,99,4.95,305.22,15.26
13682,25,762,30.48,875.34,35.01
13684,87,542,6.23,640.71,7.36
13694,23,443,19.26,321.06,13.96
13695,9,237,26.33,336.58,37.40
13696,24,269,11.21,469.05,19.54
13698,19,347,18.26,371.01,19.53
13699,57,690,12.11,1310.11,22.98
13700,129,568,4.4,657.35,5.10
13710,53,411,7.75,492.46,9.29
13713,48,544,11.33,617.87,12.87
13718,41,245,5.98,518.26,12.64
13723,80,852,10.65,735.07,9.19
13726,27,360,13.33,324.12,12.00
13727,28,628,22.43,1212.26,43.30
13730,80,389,4.86,853.40,10.67
13736,41,515,12.56,612.92,14.95
13737,13,220,16.92,243.20,18.71
13739,7,205,29.29,248.51,35.50
13745,203,705,3.47,872.73,4.30
13757,39,650,16.67,755.75,19.38
13775,17,266,15.65,308.48,18.15
13776,64,589,9.2,549.92,8.59
13793,249,4949,19.88,6588.65,26.46
13801,56,738,13.18,1084.73,19.37
13804,31,862,27.81,1249.49,40.31
13806,108,452,4.19,1135.42,10.51
13807,30,211,7.03,197.89,6.60
13826,29,146,5.03,364.39,12.57
13849,12,427,35.58,493.59,41.13
13850,56,362,6.46,389.15,6.95
13852,7,256,36.57,422.18,60.31
13868,15,319,21.27,555.66,37.04
13874,6,125,20.83,129.77,21.63
13879,96,591,6.16,607.71,6.33
13888,40,648,16.2,609.18,15.23
13889,60,391,6.52,665.59,11.09
13895,10,66,6.6,102.54,10.25
13900,71,643,9.06,683.79,9.63
13903,85,310,3.65,371.91,4.38
13906,26,223,8.58,296.06,11.39
13908,67,586,8.75,914.84,13.65
13913,110,992,9.02,1096.33,9.97
13921,14,617,44.07,605.85,43.28
13925,59,791,13.41,1208.38,20.48
13928,42,373,8.88,455.88,10.85
13932,100,604,6.04,812.30,8.12
13935,22,269,12.23,444.97,20.23
13936,41,361,8.8,596.74,14.55
13939,45,275,6.11,308.61,6.86
13946,78,904,11.59,1001.80,12.84
13962,112,632,5.64,675.57,6.03
13967,23,96,4.17,117.51,5.11
13969,22,366,16.64,552.72,25.12
13972,63,554,8.79,416.93,6.62
13975,35,441,12.6,569.53,16.27
13981,58,749,12.91,811.56,13.99
13985,49,456,9.31,331.51,6.77
13995,41,208,5.07,530.40,12.94
14000,94,324,3.45,333.82,3.55
14011,26,150,5.77,332.19,12.78
14014,35,1142,32.63,1515.44,43.30
14021,30,299,9.97,429.77,14.33
14027,44,470,10.68,753.01,17.11
14037,4,150,37.5,187.76,46.94
14051,33,408,12.36,458.25,13.89
14057,49,487,9.94,523.58,10.69
14060,32,383,11.97,519.13,16.22
14085,53,460,8.68,507.95,9.58
14086,28,434,15.5,477.89,17.07
14095,94,418,4.45,765.00,8.14
14096,13,404,31.08,550.12,42.32
14104,26,197,7.58,894.12,34.39
14105,40,329,8.23,731.87,18.30
14111,23,384,16.7,353.87,15.39
14122,22,800,36.36,1061.92,48.27
14127,28,488,17.43,586.55,20.95
14130,145,552,3.81,1605.71,11.07
14132,85,1150,13.53,1378.47,16.22
14135,25,173,6.92,248.55,9.94
14138,10,281,28.1,315.00,31.50
14139,52,543,10.44,544.40,10.47
14144,36,323,8.97,612.06,17.00
14146,91,487,5.35,711.19,7.82
14148,1,33,33,48.83,48.83
14154,27,423,15.67,517.87,19.18
14159,16,439,27.44,414.70,25.92
14177,75,1295,17.27,1394.31,18.59
14183,55,408,7.42,435.14,7.91
14192,96,274,2.85,619.61,6.45
14196,29,357,12.31,680.71,23.47
14197,40,242,6.05,360.23,9.01
14203,82,697,8.5,758.41,9.25
14213,52,838,16.12,768.64,14.78
14216,63,817,12.97,788.58,12.52
14219,77,424,5.51,524.63,6.81
14221,27,864,32,933.25,34.56
14233,32,311,9.72,693.21,21.66
14239,15,193,12.87,287.19,19.15
14240,33,404,12.24,481.28,14.58
14251,46,454,9.87,634.30,13.79
14253,76,383,5.04,1492.15,19.63
14257,26,759,29.19,898.35,34.55
14260,11,344,31.27,386.73,35.16
14279,8,222,27.75,298.45,37.31
14282,24,1441,60.04,1405.01,58.54
14283,25,386,15.44,430.87,17.23
14297,42,685,16.31,893.54,21.27
14302,20,149,7.45,236.17,11.81
14309,95,680,7.16,600.58,6.32
14326,78,699,8.96,637.94,8.18
14329,156,279,1.79,563.62,3.61
14335,46,847,18.41,758.66,16.49
14343,23,138,6,180.36,7.84
14351,38,217,5.71,530.47,13.96
14353,27,834,30.89,651.69,24.14
14361,185,606,3.28,700.84,3.79
14375,19,128,6.74,145.00,7.63
14377,64,345,5.39,320.44,5.01
14381,140,839,5.99,622.77,4.45
14389,53,220,4.15,421.18,7.95
14398,33,241,7.3,234.89,7.12
14407,15,159,10.6,199.02,13.27
14409,28,231,8.25,689.80,24.64
14412,14,87,6.21,193.27,13.81
14427,38,643,16.92,766.43,20.17
14428,29,493,17,541.97,18.69
14442,30,479,15.97,607.05,20.24
14444,58,394,6.79,622.47,10.73
14445,9,85,9.44,250.02,27.78
14446,58,538,9.28,527.07,9.09
14459,48,208,4.33,473.88,9.87
14464,32,175,5.47,250.08,7.82
14481,34,283,8.32,455.27,13.39
14495,49,395,8.06,372.52,7.60
14496,25,140,5.6,177.96,7.12
14500,165,563,3.41,496.49,3.01
14503,40,304,7.6,476.13,11.90
14506,58,244,4.21,202.12,3.48
14515,85,339,3.99,294.38,3.46
14528,179,588,3.28,890.51,4.97
14538,98,718,7.33,570.24,5.82
14539,80,683,8.54,1776.97,22.21
14543,171,689,4.03,1065.50,6.23
14545,31,429,13.84,387.27,12.49
14549,11,77,7,164.72,14.97
14554,9,124,13.78,103.57,11.51
14555,87,527,6.06,1338.14,15.38
14556,70,658,9.4,875.72,12.51
14559,59,210,3.56,718.39,12.18
14566,32,465,14.53,873.58,27.30
14568,8,238,29.75,274.31,34.29
14573,41,591,14.41,679.88,16.58
14575,6,69,11.5,73.65,12.28
14577,87,722,8.3,530.93,6.10
14586,118,441,3.74,363.32,3.08
14595,32,243,7.59,227.40,7.11
14597,8,63,7.88,102.38,12.80
14610,19,185,9.74,200.17,10.54
14612,123,625,5.08,1750.51,14.23
14613,33,86,2.61,281.07,8.52
14620,93,624,6.71,820.69,8.82
14621,90,760,8.44,524.45,5.83
14633,48,531,11.06,504.10,10.50
14635,12,430,35.83,473.13,39.43
14656,30,83,2.77,156.28,5.21
14663,65,336,5.17,351.75,5.41
14666,25,878,35.12,1021.99,40.88
14668,50,390,7.8,606.26,12.13
14670,42,155,3.69,238.94,5.69
14671,30,811,27.03,1062.25,35.41
14674,43,194,4.51,646.21,15.03
14678,7,133,19,113.96,16.28
14680,38,286,7.53,584.22,15.37
14695,70,311,4.44,555.59,7.94
14700,48,274,5.71,949.22,19.78
14706,21,274,13.05,299.32,14.25
14711,22,474,21.55,856.86,38.95
14713,39,642,16.46,493.24,12.65
14716,35,350,10,581.98,16.63
14719,172,891,5.18,1288.26,7.49
14723,23,367,15.96,355.92,15.47
14727,11,84,7.64,109.47,9.95
14728,117,405,3.46,714.14,6.10
14734,90,214,2.38,663.45,7.37
14737,163,1220,7.48,1555.35,9.54
14741,35,290,8.29,235.87,6.74
14761,100,381,3.81,348.71,3.49
14768,47,379,8.06,428.16,9.11
14770,86,706,8.21,755.10,8.78
14778,61,400,6.56,299.82,4.92
14780,13,138,10.62,164.60,12.66
14782,104,272,2.62,742.54,7.14
14784,43,283,6.58,316.76,7.37
14790,12,490,40.83,482.31,40.19
14797,148,812,5.49,1208.66,8.17
14801,52,495,9.52,777.13,14.94
14805,45,314,6.98,443.35,9.85
14806,77,497,6.45,547.32,7.11
14817,60,382,6.37,470.43,7.84
14819,28,125,4.46,137.27,4.90
14825,58,338,5.83,825.22,14.23
14828,6,274,45.67,370.98,61.83
14834,40,307,7.68,371.17,9.28
14837,29,377,13,697.34,24.05
14839,16,186,11.63,228.63,14.29
14846,106,475,4.48,1341.17,12.65
14848,63,417,6.62,646.88,10.27
14866,41,337,8.22,463.64,11.31
14870,54,392,7.26,477.80,8.85
14871,13,77,5.92,111.76,8.60
14872,10,193,19.3,245.51,24.55
14880,78,654,8.38,691.53,8.87
14881,30,319,10.63,320.11,10.67
14885,13,52,4,93.10,7.16
14887,13,245,18.85,372.57,28.66
14891,36,623,17.31,588.57,16.35
14893,156,1593,10.21,1426.47,9.14
14907,56,313,5.59,407.03,7.27
14909,9,64,7.11,92.16,10.24
14910,26,125,4.81,384.97,14.81
14920,7,64,9.14,80.14,11.45
14922,3,56,18.67,129.85,43.28
14931,116,609,5.25,890.19,7.67
14932,50,553,11.06,766.66,15.33
14951,43,602,14,719.15,16.72
14962,20,297,14.85,300.24,15.01
14963,35,364,10.4,264.19,7.55
14967,180,1032,5.73,2000.22,11.11
14974,50,241,4.82,399.03,7.98
14976,52,470,9.04,506.23,9.74
14979,15,137,9.13,192.58,12.84
14982,49,235,4.8,200.68,4.10
14984,33,132,4,202.74,6.14
14995,51,394,7.73,559.30,10.97
14998,35,144,4.11,218.99,6.26
14999,62,405,6.53,699.67,11.29
15003,105,473,4.5,491.95,4.69
15016,9,49,5.44,174.60,19.40
15018,57,280,4.91,420.15,7.37
15019,12,96,8,275.00,22.92
15022,42,304,7.24,2407.45,57.32
15024,47,479,10.19,656.84,13.98
15035,21,173,8.24,317.73,15.13
15059,29,158,5.45,379.94,13.10
15068,86,506,5.88,642.16,7.47
15070,20,453,22.65,558.65,27.93
15076,116,369,3.18,817.12,7.04
15091,8,52,6.5,92.96,11.62
15114,175,1577,9.01,1476.18,8.44
15118,29,363,12.52,356.32,12.29
15125,22,116,5.27,214.07,9.73
15135,175,975,5.57,1404.64,8.03
15142,66,579,8.77,615.90,9.33
15144,105,595,5.67,588.53,5.61
15145,42,285,6.79,366.26,8.72
15150,107,1235,11.54,1613.41,15.08
15160,90,489,5.43,390.68,4.34
15167,51,259,5.08,524.31,10.28
15177,80,284,3.55,583.97,7.30
15191,50,478,9.56,841.47,16.83
15196,24,116,4.83,135.77,5.66
15197,35,401,11.46,483.32,13.81
15203,76,478,6.29,594.67,7.82
15215,54,357,6.61,266.67,4.94
15217,142,470,3.31,969.24,6.83
15221,9,236,26.22,231.10,25.68
15227,12,60,5,94.51,7.88
15234,34,219,6.44,319.05,9.38
15239,8,102,12.75,138.21,17.28
15240,10,38,3.8,61.28,6.13
15245,71,147,2.07,312.94,4.41
15249,135,1363,10.1,1439.05,10.66
15259,72,601,8.35,590.84,8.21
15262,54,271,5.02,296.59,5.49
15263,53,187,3.53,420.70,7.94
15265,55,473,8.6,612.69,11.14
15268,7,94,13.43,153.91,21.99
15270,36,488,13.56,686.14,19.06
15274,82,433,5.28,1136.63,13.86
15276,21,153,7.29,228.55,10.88
15280,53,262,4.94,507.07,9.57
15282,33,363,11,297.68,9.02
15284,34,681,20.03,723.87,21.29
15294,34,446,13.12,466.47,13.72
15302,53,1064,20.08,1476.32,27.86
15308,68,356,5.24,406.25,5.97
15310,52,218,4.19,375.42,7.22
15311,32,318,9.94,344.89,10.78
15316,88,513,5.83,880.65,10.01
15328,17,162,9.53,169.40,9.96
15335,39,386,9.9,368.88,9.46
15339,60,282,4.7,309.74,5.16
15344,48,180,3.75,431.11,8.98
15347,61,521,8.54,480.98,7.88
15354,100,637,6.37,1153.35,11.53
15365,7,88,12.57,115.21,16.46
15371,23,408,17.74,264.44,11.50
15373,52,207,3.98,547.56,10.53
15391,102,804,7.88,835.77,8.19
15394,16,80,5,94.54,5.91
15403,48,504,10.5,753.63,15.70
15407,27,146,5.41,262.98,9.74
15412,30,371,12.37,462.08,15.40
15414,26,368,14.15,431.93,16.61
15419,86,353,4.1,685.04,7.97
15426,119,1058,8.89,1625.86,13.66
15439,27,498,18.44,370.59,13.73
15447,35,227,6.49,322.96,9.23
15449,11,75,6.82,80.34,7.30
15455,63,300,4.76,370.14,5.88
15458,6,30,5,30.23,5.04
15459,20,119,5.95,143.93,7.20
15463,14,94,6.71,192.04,13.72
15481,65,693,10.66,461.53,7.10
15492,40,403,10.08,960.47,24.01
15499,13,120,9.23,156.77,12.06
15502,93,244,2.62,642.62,6.91
15503,144,515,3.58,686.23,4.77
15513,63,256,4.06,440.78,7.00
15527,57,357,6.26,561.05,9.84
15541,38,248,6.53,501.51,13.20
15544,94,766,8.15,666.10,7.09
15554,64,302,4.72,749.58,11.71
15556,21,547,26.05,615.99,29.33
15568,45,461,10.24,401.61,8.92
15571,75,711,9.48,532.34,7.10
15573,38,344,9.05,436.42,11.48
15588,25,474,18.96,503.07,20.12
15596,57,398,6.98,617.60,10.84
15601,39,315,8.08,376.16,9.65
15604,37,807,21.81,813.44,21.98
15605,16,238,14.88,297.12,18.57
15609,118,417,3.53,759.98,6.44
15616,36,233,6.47,279.60,7.77
15617,78,188,2.41,282.17,3.62
15621,39,234,6,391.07,10.03
15622,29,405,13.97,513.47,17.71
15634,16,229,14.31,353.84,22.12
15651,21,346,16.48,663.26,31.58
15654,39,284,7.28,306.04,7.85
15664,29,177,6.1,335.79,11.58
15667,175,696,3.98,561.19,3.21
15669,96,604,6.29,580.76,6.05
15671,39,190,4.87,855.68,21.94
15682,17,148,8.71,165.11,9.71
15684,26,660,25.38,1450.00,55.77
15685,90,425,4.72,598.10,6.65
15690,33,265,8.03,331.36,10.04
15702,25,163,6.52,171.91,6.88
15709,17,224,13.18,277.30,16.31
15717,81,1154,14.25,1686.40,20.82
15723,15,126,8.4,117.33,7.82
15728,24,233,9.71,309.30,12.89
15738,83,596,7.18,1890.08,22.77
15743,35,352,10.06,440.79,12.59
15753,118,634,5.37,549.38,4.66
15763,62,504,8.13,600.02,9.68
15768,43,149,3.47,275.82,6.41
15772,18,277,15.39,373.56,20.75
15773,21,177,8.43,216.46,10.31
15774,62,177,2.85,464.02,7.48
15778,45,133,2.96,625.36,13.90
15788,87,741,8.52,1415.32,16.27
15793,28,199,7.11,268.69,9.60
15801,124,561,4.52,432.07,3.48
15813,139,717,5.16,993.88,7.15
15815,74,992,13.41,843.26,11.40
15821,27,253,9.37,246.59,9.13
15827,29,229,7.9,246.61,8.50
15831,51,243,4.76,331.85,6.51
15838,41,389,9.49,561.07,13.68
15839,25,154,6.16,162.49,6.50
15843,5,89,17.8,81.02,16.20
15850,14,260,18.57,220.82,15.77
15852,16,162,10.13,289.72,18.11
15864,34,777,22.85,815.48,23.98
15865,58,562,9.69,654.05,11.28
15875,53,504,9.51,474.50,8.95
15879,20,150,7.5,297.89,14.89
15902,95,700,7.37,680.62,7.16
15911,33,314,9.52,415.41,12.59
15920,55,589,10.71,615.36,11.19
15932,27,379,14.04,445.09,16.48
15933,142,930,6.55,590.10,4.16
15934,183,723,3.95,2649.05,14.48
15939,36,410,11.39,453.30,12.59
15942,42,285,6.79,512.56,12.20
15943,51,568,11.14,627.75,12.31
15945,39,531,13.62,586.29,15.03
15960,64,173,2.7,408.31,6.38
15963,115,305,2.65,859.01,7.47
15966,55,514,9.35,450.86,8.20
15967,22,617,28.05,663.17,30.14
15970,88,367,4.17,1275.25,14.49
15972,90,507,5.63,859.78,9.55
15978,25,460,18.4,427.17,17.09
15980,62,491,7.92,607.10,9.79
16002,44,328,7.45,285.15,6.48
16012,30,106,3.53,196.00,6.53
16018,20,135,6.75,298.31,14.92
16022,115,681,5.92,2186.39,19.01
16029,12,65,5.42,246.54,20.55
16031,15,115,7.67,150.63,10.04
16038,35,180,5.14,324.99,9.29
16039,108,485,4.49,401.03,3.71
16040,18,218,12.11,345.05,19.17
16041,83,318,3.83,475.08,5.72
16043,165,972,5.89,1320.55,8.00
16048,21,274,13.05,322.62,15.36
16049,53,391,7.38,316.31,5.97
16054,73,399,5.47,687.61,9.42
16076,12,133,11.08,142.86,11.91
16081,51,209,4.1,222.26,4.36
16084,80,341,4.26,602.32,7.53
16086,101,406,4.02,311.67,3.09
16100,12,91,7.58,157.47,13.12
16102,13,298,22.92,380.24,29.25
16106,37,177,4.78,156.10,4.22
16117,69,1642,23.8,1359.55,19.70
16125,59,172,2.92,321.25,5.44
16140,69,259,3.75,587.78,8.52
16144,62,480,7.74,564.43,9.10
16154,59,414,7.02,478.34,8.11
16163,36,221,6.14,308.27,8.56
16165,114,865,7.59,1068.25,9.37
16167,57,271,4.75,327.22,5.74
16172,42,353,8.4,955.15,22.74
16173,52,194,3.73,292.63,5.63
16184,15,73,4.87,121.59,8.11
16193,56,672,12,574.98,10.27
16195,137,639,4.66,688.68,5.03
16196,74,444,6,339.05,4.58
16203,79,666,8.43,2448.11,30.99
16205,51,444,8.71,395.21,7.75
16220,36,409,11.36,518.01,14.39
16227,38,288,7.58,460.38,12.12
16229,20,189,9.45,211.82,10.59
16231,24,183,7.63,195.95,8.16
16234,48,266,5.54,224.19,4.67
16254,52,372,7.15,460.14,8.85
16281,59,685,11.61,668.36,11.33
16287,71,583,8.21,765.72,10.78
16292,152,793,5.22,1384.62,9.11
16294,44,427,9.7,849.26,19.30
16295,54,322,5.96,679.70,12.59
16301,42,268,6.38,251.43,5.99
16303,56,331,5.91,354.32,6.33
16306,29,300,10.34,462.81,15.96
16316,17,213,12.53,330.40,19.44